index,text,canon_kg,labeled_schema,labeled_schema_definition,labeled_triplets,reference,oie,schema_definition,schema_canonicalization,nota
1,"The location of Trane is Swords, Dublin.","[[""Trane"", ""location"", ""Swords,_Dublin""]]","[""location""]","[""The subject entity is located in the place specified by the object entity.""]","[[""Trane"", ""location"", ""Swords,_Dublin""]]",,"[[""Trane"", ""location"", ""Swords,_Dublin""]]","{""location"": ""Text: The first store opened in 1986 in the city of Torrance, California.\nTriples: [['first store', 'opening year', '1986'], ['first store', 'location', 'Torrance']]\nRelations: ['opening year', 'location']\nAnswer:\nopening year: The subject entity was opened in the year specified by the object entity.\nlocation: The subject entity is located in the place specified by the object entity.""}","[[""Trane"", ""location"", ""Swords,_Dublin""]]",False
2,"The Ciudad Ayala city, a part of Morelos with population density and population of 1604.0 and 1,777,539 respectively, has a UTC offset of -6. The government type of Ciudad Ayala is council-manager government and City Manager is one of the leaders.","[[""Ciudad_Ayala"", ""populationMetro"", ""1777539""], [""Ciudad_Ayala"", ""type"", ""City""], [""Ciudad_Ayala"", ""governmentType"", ""Council-manager_government""]]","[""populationMetro"", ""type"", ""governmentType""]","[""The subject entity has a metropolitan population as specified by the object entity."", ""The subject entity is classified or categorized as the type specified by the object entity."", ""The subject entity operates under the form of government specified by the object entity.""]","[[""Ciudad_Ayala"", ""populationMetro"", ""1777539""], [""Ciudad_Ayala"", ""leaderTitle"", ""\""City Manager\""""], [""Ciudad_Ayala"", ""type"", ""City""], [""Ciudad_Ayala"", ""populationDensity"", ""1604.0""], [""Ciudad_Ayala"", ""governmentType"", ""Council-manager_government""], [""Ciudad_Ayala"", ""utcOffset"", ""\u22126""], [""Ciudad_Ayala"", ""isPartOf"", ""Morelos""]]",,"[[""Ciudad_Ayala"", ""populationMetro"", ""1777539""], [""Ciudad_Ayala"", ""leaderTitle"", ""\""City Manager\""""], [""Ciudad_Ayala"", ""type"", ""City""], [""Ciudad_Ayala"", ""populationDensity"", ""1604.0""], [""Ciudad_Ayala"", ""governmentType"", ""Council-manager_government""], [""Ciudad_Ayala"", ""utcOffset"", ""\u22126""], [""Ciudad_Ayala"", ""isPartOf"", ""Morelos""]]","{""populationDensity"": ""Text: It has a population of 1,034 and a population density of 1,310/km\u00b2.\nTriples: [['It', 'population', '1,034'], ['It', 'populationDensity', '1,310/km\u00b2']]\nRelations: ['population', 'populationDensity']\nAnswer:\npopulation: The subject entity has a population size specified by the object entity.\npopulationDensity: The subject entity has a population density specified by the object entity."", ""utcOffset"": ""Text: The time zone for the city is Pacific Time Zone (UTC\u221208:00).\nTriples: [['Pacific Time Zone', 'utcOffset', '-08:00']]\nRelations: ['utcOffset']\nAnswer:\nutcOffset: The object entity specifies the offset from Coordinated Universal Time (UTC) for the subject entity."", ""type"": ""Text: The English Wikipedia is the English-language edition of the free online encyclopedia Wikipedia.\nTriples: [['English Wikipedia', 'language of work or name', 'English'], ['English Wikipedia', 'instance of', 'Wikipedia']]\nRelations: ['language of work or name', 'instance of']\nAnswer:\nlanguage of work or name: The subject entity uses the language specified by the object entity.\ninstance of: The subject entity is an instance or example of the type specified by the object entity."", ""populationMetro"": ""Text: The population of the city proper was 1,320,718 in 2020, while the population of the Metro Vancouver metropolitan area was 2,642,825 in 2021.\nTriples: [['Vancouver', 'population', '1,320,718'], ['Metro Vancouver', 'populationMetro', '2,642,825']]\nRelations: ['populationMetro']\nAnswer:\npopulationMetro: The subject entity has a metropolitan population size specified by the object entity."", ""isPartOf"": ""Text: The district of Bellinzona is one of the eight districts of the canton of Ticino, Switzerland.\nTriples: [['Bellinzona', 'instance of', 'district of Switzerland'], ['Bellinzona', 'isPartOf', 'Ticino']]\nRelations: ['instance of', 'isPartOf']\nAnswer:\ninstance of: The subject entity is an instance or example of the type specified by the object entity.\nisPartOf: The subject entity is a part of the object entity."", ""leaderTitle"": ""Text: John Eligon is an American journalist who is currently the race/culture writer for The New York Times.\nTriples: [['John Eligon', 'occupation', 'journalist'], ['John Eligon', 'employer', 'The New York Times'], ['John Eligon', 'leaderTitle', 'writer for The New York Times'], ['American', 'occupation', 'journalist']]\nRelations: ['occupation', 'employer', 'leaderTitle']\nAnswer:\noccupation: The subject entity has the occupation specified by the object entity.\nemployer: The subject entity is employed by the object entity.\nleaderTitle: The subject entity has the title specified by the object entity."", ""governmentType"": ""Text: The Principality of Catalonia (Latin: Principatus Cathaloniae, Catalan: Principat de Catalunya, Occitan: Principat de Catalonha, Spanish: Principado de Catalu\u00f1a) was a medieval and early modern state in Western Europe, in the northeastern Iberian Peninsula.\nTriples: [['Principality of Catalonia', 'location', 'Western Europe'], ['Principality of Catalonia', 'governmentType', 'state'], ['Principality of Catalonia', 'location', 'Iberian Peninsula']]\nRelations: ['location', 'governmentType']\nAnswer:\nlocation: The subject entity is located in the place specified by the object entity.\ngovernmentType: The subject entity has the government type specified by the object entity.""}","[[""Ciudad_Ayala"", ""populationMetro"", ""1777539""], null, [""Ciudad_Ayala"", ""type"", ""City""], null, [""Ciudad_Ayala"", ""governmentType"", ""Council-manager_government""], null, null]",False
3,The 17068.8 millimeter long ALCO RS-3 has a diesel-electric transmission.,[],[],[],"[[""ALCO_RS-3"", ""powerType"", ""Diesel-electric_transmission""], [""ALCO_RS-3"", ""length"", ""17068.8 (millimetres)""]]",,"[[""ALCO_RS-3"", ""length"", ""17068.8 (millimetres)""], [""ALCO_RS-3"", ""powerType"", ""Diesel-electric_transmission""]]","{""length"": ""Text: The length of the main span is 1,700 m (5,577 ft).\nTriples: [['main span', 'length', '1,700 m']]\nRelations: ['length']\nAnswer:\nlength: The object entity specifies the length of the subject entity."", ""powerType"": ""Text: The 2000 Summer Olympics torch relay was run from May 10 to September 15, 2000, prior to the 2000 Summer Olympics in Sydney, Australia. The torch was lit by the sun's rays at Olympia, Greece, on May 10, 2000. It was then taken to Athens, before being flown to Guam. It then visited various island nations of Oceania, before being flown to mainland Australia.\nTriples: [['2000 Summer Olympics torch relay', 'start time', 'May 10'], ['2000 Summer Olympics torch relay', 'end time', 'September 15, 2000'], ['2000 Summer Olympics', 'location', 'Sydney, Australia'], ['torch', 'manner of lighting', \""sun's rays\""]]\nRelations: ['start time', 'end time', 'location', 'manner of lighting']\nAnswer:\nstart time: The subject entity started at the time specified by the object entity.\nend time: The subject entity ended at the time specified by the object entity.\nlocation: The subject entity is located in the place specified by the object entity.\nmanner of lighting: The subject entity was lit by the method specified by the object entity.""}","[null, null]",True
4,"Alan B. Miller Hall, in Virginia, USA, was designed by Robert A.M. Stern. The address of the hall is ""101 Ukrop Way"" and the current tenants are the Mason School of Business.","[[""Alan_B._Miller_Hall"", ""architect"", ""Robert_A._M._Stern""], [""Alan_B._Miller_Hall"", ""address"", ""\""101 Ukrop Way\""""], [""Alan_B._Miller_Hall"", ""currentTenants"", ""Mason_School_of_Business""], [""Alan_B._Miller_Hall"", ""location"", ""Virginia""], [""Mason_School_of_Business"", ""country"", ""United_States""]]","[""architect"", ""address"", ""currentTenants"", ""location"", ""country""]","[""The subject entity was designed or planned by the object entity."", ""The subject entity is located at the address specified by the object."", ""The subject entity is currently occupied or used by the object entity."", ""The subject entity is located in the place specified by the object entity."", ""The subject entity is located in the country specified by the object entity.""]","[[""Alan_B._Miller_Hall"", ""architect"", ""Robert_A._M._Stern""], [""Alan_B._Miller_Hall"", ""address"", ""\""101 Ukrop Way\""""], [""Alan_B._Miller_Hall"", ""currentTenants"", ""Mason_School_of_Business""], [""Alan_B._Miller_Hall"", ""location"", ""Virginia""], [""Mason_School_of_Business"", ""country"", ""United_States""]]",,"[[""Alan_B._Miller_Hall"", ""architect"", ""Robert_A._M._Stern""], [""Alan_B._Miller_Hall"", ""address"", ""\""101 Ukrop Way\""""], [""Alan_B._Miller_Hall"", ""currentTenants"", ""Mason_School_of_Business""], [""Alan_B._Miller_Hall"", ""location"", ""Virginia""], [""Mason_School_of_Business"", ""country"", ""United_States""]]","{""country"": ""Text: The first season of the American television series Designated Survivor premiered on September 21, 2016, and concluded on May 17, 2017 in the United States.\nTriples: [['Designated Survivor', 'country of origin', 'United States'], ['Designated Survivor', 'original language of film or TV show', 'English'], ['Designated Survivor', 'number of seasons', '1'], ['Designated Survivor', 'start time', 'September 21, 2016']]\nRelations: ['country of origin', 'original language of film or TV show', 'number of seasons', 'start time']\nAnswer:\ncountry of origin: The subject entity originates from the country specified by the object entity."", ""architect"": ""Text: The building was designed by architect Gin\u00e9s Mart\u00ednez Castellanos.\nTriples: [['building', 'architect', 'Gin\u00e9s Mart\u00ednez Castellanos']]\nRelations: ['architect']\nAnswer:\narchitect: The subject entity was designed by the architect specified by the object entity."", ""address"": ""Text: The school is located at 123 Main Street.\nTriples: [['school', 'address', '123 Main Street']]\nRelations: ['address']\nAnswer:\naddress: The subject entity is located at the address specified by the object entity."", ""location"": ""Text: The first store opened in 1986 in the city of Torrance, California.\nTriples: [['first store', 'opening year', '1986'], ['first store', 'location', 'Torrance']]\nRelations: ['opening year', 'location']\nAnswer:\nopening year: The subject entity was opened in the year specified by the object entity.\nlocation: The subject entity is located in the place specified by the object entity."", ""currentTenants"": ""Text: The building's current tenants include the U.S. Attorney's Office and the Federal Bureau of Investigation (FBI).\nTriples: [['building', 'currentTenants', \""U.S. Attorney's Office\""], ['building', 'currentTenants', 'Federal Bureau of Investigation (FBI)']]\nRelations: ['currentTenants']\nAnswer:\ncurrentTenants: The subject entity is currently leased or occupied by the object entity.""}","[[""Alan_B._Miller_Hall"", ""architect"", ""Robert_A._M._Stern""], [""Alan_B._Miller_Hall"", ""address"", ""\""101 Ukrop Way\""""], [""Alan_B._Miller_Hall"", ""currentTenants"", ""Mason_School_of_Business""], [""Alan_B._Miller_Hall"", ""location"", ""Virginia""], [""Mason_School_of_Business"", ""country"", ""United_States""]]",False
5,Liselotte Grschebina was born in Karlsruhe and died in Israel. Ethnic groups in Israel include Arabs.,"[[""Liselotte_Grschebina"", ""birthPlace"", ""Karlsruhe""]]","[""birthPlace""]","[""The subject entity was born in the location specified by the object entity.""]","[[""Liselotte_Grschebina"", ""birthPlace"", ""Karlsruhe""], [""Liselotte_Grschebina"", ""deathPlace"", ""Israel""], [""Israel"", ""ethnicGroup"", ""Arab_citizens_of_Israel""]]",,"[[""Liselotte_Grschebina"", ""bornIn"", ""Karlsruhe""], [""Liselotte_Grschebina"", ""diedIn"", ""Israel""], [""Israel"", ""ethnicGroup"", ""Arabs""]]","{""diedIn"": ""Text: John Le Mesurier (born John Elton Le Mesurier De Burgh Bentley; 5 April 1912 \u2013 15 November 1983) was an English actor.\nTriples: [['John Le Mesurier', 'date of birth', '5 April 1912'], ['John Le Mesurier', 'date of death', '15 November 1983'], ['John Le Mesurier', 'occupation', 'actor'], ['John Le Mesurier', 'country of citizenship', 'England']]\nRelations: ['date of birth', 'date of death', 'occupation', 'country of citizenship']\nAnswer:\ndate of birth: The subject entity was born on the date specified by the object entity.\ndate of death: The subject entity died on the date specified by the object entity.\noccupation: The subject entity has the occupation specified by the object entity.\ncountry of citizenship: The subject entity has citizenship in the country specified by the object entity."", ""bornIn"": ""Text: John Franklin Candy (October 31, 1950 \u2013 March 4, 1994) was a Canadian actor and comedian, known mainly for his work in Hollywood films. Candy was born in Newmarket, Ontario.\nTriples: [['John Franklin Candy', 'date of birth', 'October 31, 1950'], ['John Franklin Candy', 'date of death', 'March 4, 1994'], ['John Franklin Candy', 'occupation', 'actor'], ['John Franklin Candy', 'bornIn', 'Newmarket, Ontario']]\nRelations: ['date of birth', 'date of death', 'occupation', 'bornIn']\nAnswer:\ndate of birth: The subject entity was born on the date specified by the object entity.\ndate of death: The subject entity died on the date specified by the object entity.\noccupation: The subject entity has the occupation specified by the object entity.\nbornIn: The subject entity was born in the location specified by the object entity."", ""ethnicGroup"": ""Text: The population of the province is overwhelmingly Albanian, with small minorities of Serbs, Bosniaks, Roma, and others.\nTriples: [['province', 'has part', 'Albanian'], ['province', 'ethnic group', 'Serbs'], ['province', 'ethnic group', 'Bosniaks'], ['province', 'ethnic group', 'Roma']]\nRelations: ['has part', 'ethnic group']\nAnswer:\nhas part: The subject entity includes the object entity as a part of itself.\nethnic group: The subject entity contains the ethnic group specified by the object entity.""}","[[""Liselotte_Grschebina"", ""birthPlace"", ""Karlsruhe""], null, null]",False
6,Agremiação Sportiva Arapiraquense managed by Vica has 17000 members and play in the Campeonato Brasileiro Série C league which is from Brazil.,"[[""Agremia\u00e7\u00e3o_Sportiva_Arapiraquense"", ""league"", ""Campeonato_Brasileiro_S\u00e9rie_C""], [""Campeonato_Brasileiro_S\u00e9rie_C"", ""country"", ""Brazil""], [""Agremia\u00e7\u00e3o_Sportiva_Arapiraquense"", ""numberOfMembers"", ""17000""]]","[""league"", ""country"", ""numberOfMembers""]","[""The subject entity participates or competes in the league specified by the object entity."", ""The subject entity is located in the country specified by the object entity."", ""The subject entity has the number of members as specified by the object entity.""]","[[""Agremia\u00e7\u00e3o_Sportiva_Arapiraquense"", ""league"", ""Campeonato_Brasileiro_S\u00e9rie_C""], [""Campeonato_Brasileiro_S\u00e9rie_C"", ""country"", ""Brazil""], [""Agremia\u00e7\u00e3o_Sportiva_Arapiraquense"", ""numberOfMembers"", ""17000""], [""Agremia\u00e7\u00e3o_Sportiva_Arapiraquense"", ""manager"", ""Vica""]]",,"[[""Agremia\u00e7\u00e3o_Sportiva_Arapiraquense"", ""league"", ""Campeonato_Brasileiro_S\u00e9rie_C""], [""Campeonato_Brasileiro_S\u00e9rie_C"", ""country"", ""Brazil""], [""Agremia\u00e7\u00e3o_Sportiva_Arapiraquense"", ""numberOfMembers"", ""17000""], [""Agremia\u00e7\u00e3o_Sportiva_Arapiraquense"", ""manager"", ""Vica""]]","{""country"": ""Text: The first season of the American television series Designated Survivor premiered on September 21, 2016, and concluded on May 17, 2017 in the United States.\nTriples: [['Designated Survivor', 'country of origin', 'United States'], ['Designated Survivor', 'original language of film or TV show', 'English'], ['Designated Survivor', 'number of seasons', '1'], ['Designated Survivor', 'start time', 'September 21, 2016']]\nRelations: ['country of origin', 'original language of film or TV show', 'number of seasons', 'start time']\nAnswer:\ncountry of origin: The subject entity originates from the country specified by the object entity."", ""league"": ""Text: The 2019\u201320 Biathlon World Cup was a multi-race series over a season of biathlon, organised by the International Biathlon Union.\nTriples: [['2019\u201320 Biathlon World Cup', 'sport', 'biathlon'], ['2019\u201320 Biathlon World Cup', 'organizer', 'International Biathlon Union']]\nRelations: ['sport', 'organizer']\nAnswer:\nsport: The subject entity is associated with the sport specified by the object entity.\norganizer: The subject entity is organized or managed by the entity specified by the object entity."", ""numberOfMembers"": ""Text: The population of the city was 1,455 at the 2010 census.\nTriples: [['city', 'numberOfMembers', '1,455'], ['2010 census', 'point in time', '2010']]\nRelations: ['numberOfMembers', 'point in time']\nAnswer:\nnumberOfMembers: The subject entity has the number of members specified by the object entity.\npoint in time: The object entity specifies a specific point in time the subject entity took place in."", ""manager"": ""Text: He was also the manager of the 1924 and 1928 Olympic football teams.\nTriples: [['Olympic football teams', 'sport', 'football'], ['Olympic football teams', 'manager', 'him'], ['1924', 'followed by', '1928']]\nRelations: ['sport', 'manager', 'followed by']\nAnswer:\nsport: The subject entity is associated with the sport specified by the object entity.\nmanager: The subject entity is managed by the person specified by the object entity.\nfollowed by: The subject entity is followed by the object entity in a sequence or series.""}","[[""Agremia\u00e7\u00e3o_Sportiva_Arapiraquense"", ""league"", ""Campeonato_Brasileiro_S\u00e9rie_C""], [""Campeonato_Brasileiro_S\u00e9rie_C"", ""country"", ""Brazil""], [""Agremia\u00e7\u00e3o_Sportiva_Arapiraquense"", ""numberOfMembers"", ""17000""], null]",False
7,"Bananaman first aired on the 10th of March, 1983 and was created by Steve Bright. It was broadcast by the BBC.","[[""Bananaman"", ""firstAired"", ""1983-03-10""], [""Bananaman"", ""creator"", ""Steve_Bright""], [""Bananaman"", ""broadcastedBy"", ""BBC""]]","[""firstAired"", ""creator"", ""broadcastedBy""]","[""The subject entity is first aired on the date specified by the object entity."", ""The subject entity is the creator/author of the object."", ""The subject entity is broadcasted or aired by the object entity.""]","[[""Bananaman"", ""creator"", ""Steve_Bright""], [""Bananaman"", ""broadcastedBy"", ""BBC""], [""Bananaman"", ""firstAired"", ""\""1983-10-03\""""]]",,"[[""Bananaman"", ""firstAired"", ""1983-03-10""], [""Bananaman"", ""creator"", ""Steve_Bright""], [""Bananaman"", ""broadcaster"", ""BBC""]]","{""firstAired"": ""Text: The first episode of the series aired on September 24, 2018, on CBS.\nTriples: [['series', 'firstAired', 'September 24, 2018'], ['series', 'network', 'CBS']]\nRelations: ['firstAired', 'network']\nAnswer:\nfirstAired: The subject entity first aired on the date specified by the object entity.\nnetwork: The subject entity is broadcast on the network specified by the object entity."", ""broadcaster"": ""Text: The series was broadcast on YTV in the United Kingdom, Teletoon in Canada and Nickelodeon in the United States.\nTriples: [['series', 'broadcaster', 'YTV'], ['series', 'country of origin', 'United Kingdom'], ['series', 'broadcaster', 'Teletoon'], ['series', 'country of origin', 'Canada']]\nRelations: ['broadcaster', 'country of origin']\nAnswer:\nbroadcaster: The subject entity is broadcast on the channel or network specified by the object entity.\ncountry of origin: The subject entity originates from the country specified by the object entity."", ""creator"": ""Text: The series was created by Jed Mercurio, who has also written or co-written 53 of the 60 episodes.\nTriples: [['series', 'creator', 'Jed Mercurio'], ['Jed Mercurio', 'author of', 'episodes']]\nRelations: ['creator', 'author of']\nAnswer:\ncreator: The subject entity was created by the person or entity specified by the object entity.\nauthor of: The subject entity is the author of the object entity.""}","[[""Bananaman"", ""firstAired"", ""1983-03-10""], [""Bananaman"", ""creator"", ""Steve_Bright""], [""Bananaman"", ""broadcastedBy"", ""BBC""]]",False
8,"The 11th Mississippi Infantry Monument, built in 2000, is placed in the municipality of Gettysburg in Pennsylvania which is in Adams County, USA. The 11th Mississippi Infantry Monument is classified as a Contributing Property. Cumberland county, Pennsylvania is to the north of Adams County.","[[""11th_Mississippi_Infantry_Monument"", ""municipality"", ""Gettysburg""], [""11th_Mississippi_Infantry_Monument"", ""established"", ""2000""], [""Gettysburg"", ""city"", ""Pennsylvania""], [""Adams_County"", ""country"", ""USA""], [""11th_Mississippi_Infantry_Monument"", ""category"", ""Contributing_Property""], [""Adams_County"", ""hasToItsNorth"", ""Cumberland_County""]]","[""municipality"", ""established"", ""city"", ""country"", ""category"", ""hasToItsNorth""]","[""The subject entity is located in the municipality specified by the object entity."", ""The subject entity was established or created in the year specified by the object entity."", ""The subject entity is located in the city specified by the object entity."", ""The subject entity is located in the country specified by the object entity."", ""The subject entity falls under the category specified by the object entity."", ""The subject entity has the object entity located to its north.""]","[[""11th_Mississippi_Infantry_Monument"", ""established"", ""2000""], [""11th_Mississippi_Infantry_Monument"", ""location"", ""Adams_County,_Pennsylvania""], [""11th_Mississippi_Infantry_Monument"", ""municipality"", ""Gettysburg,_Pennsylvania""], [""11th_Mississippi_Infantry_Monument"", ""category"", ""Contributing_property""], [""Adams_County,_Pennsylvania"", ""hasToItsNorth"", ""Cumberland_County,_Pennsylvania""], [""11th_Mississippi_Infantry_Monument"", ""country"", ""\""United States\""""]]",,"[[""11th_Mississippi_Infantry_Monument"", ""locatedIn"", ""Gettysburg""], [""11th_Mississippi_Infantry_Monument"", ""yearOfConstruction"", ""2000""], [""Gettysburg"", ""locatedIn"", ""Pennsylvania""], [""Pennsylvania"", ""locatedIn"", ""Adams_County""], [""Adams_County"", ""country"", ""USA""], [""11th_Mississippi_Infantry_Monument"", ""category"", ""Contributing_Property""], [""Adams_County"", ""northOf"", ""Cumberland_County""]]","{""yearOfConstruction"": ""Text: The building was constructed in 1930 and is an example of the Art Deco style.\nTriples: [['building', 'yearOfConstruction', '1930'], ['building', 'architectural style', 'Art Deco']]\nRelations: ['yearOfConstruction', 'architectural style']\nAnswer:\nyearOfConstruction: The subject entity was constructed in the year specified by the object entity.\narchitectural style: The subject entity has the architectural style specified by the object entity."", ""locatedIn"": ""Text: The first store opened in the Oakridge Mall in San Jose, California in 1986.\nTriples: [['Oakridge Mall', 'locatedIn', 'San Jose']]\nRelations: ['locatedIn']\nAnswer:\nlocatedIn: The subject entity is located in the place specified by the object entity."", ""category"": ""Text: The group is a member of the European People's Party (EPP) group in the European Parliament.\nTriples: [['group', 'category', 'member']]\nRelations: ['category']\nAnswer:\ncategory: The subject entity is a type of the object entity."", ""country"": ""Text: The first season of the American television series Designated Survivor premiered on September 21, 2016, and concluded on May 17, 2017 in the United States.\nTriples: [['Designated Survivor', 'country of origin', 'United States'], ['Designated Survivor', 'original language of film or TV show', 'English'], ['Designated Survivor', 'number of seasons', '1'], ['Designated Survivor', 'start time', 'September 21, 2016']]\nRelations: ['country of origin', 'original language of film or TV show', 'number of seasons', 'start time']\nAnswer:\ncountry of origin: The subject entity originates from the country specified by the object entity."", ""northOf"": ""Text: The city of San Diego is located north of the border with Mexico.\nTriples: [['San Diego', 'northOf', 'Mexico']]\nRelations: ['northOf']\nAnswer:\nnorthOf: The subject entity is located to the north of the object entity.""}","[[""11th_Mississippi_Infantry_Monument"", ""municipality"", ""Gettysburg""], [""11th_Mississippi_Infantry_Monument"", ""established"", ""2000""], [""Gettysburg"", ""city"", ""Pennsylvania""], null, [""Adams_County"", ""country"", ""USA""], [""11th_Mississippi_Infantry_Monument"", ""category"", ""Contributing_Property""], [""Adams_County"", ""hasToItsNorth"", ""Cumberland_County""]]",False
9,The government type in France is unitary state.,"[[""France"", ""governmentType"", ""Unitary_state""]]","[""governmentType""]","[""The subject entity operates under the form of government specified by the object entity.""]","[[""France"", ""governmentType"", ""Unitary_state""]]",,"[[""France"", ""governmentType"", ""Unitary_state""]]","{""governmentType"": ""Text: The Principality of Catalonia (Latin: Principatus Cathaloniae, Catalan: Principat de Catalunya, Occitan: Principat de Catalonha, Spanish: Principado de Catalu\u00f1a) was a medieval and early modern state in Western Europe, in the northeastern Iberian Peninsula.\nTriples: [['Principality of Catalonia', 'location', 'Western Europe'], ['Principality of Catalonia', 'governmentType', 'state'], ['Principality of Catalonia', 'location', 'Iberian Peninsula']]\nRelations: ['location', 'governmentType']\nAnswer:\nlocation: The subject entity is located in the place specified by the object entity.\ngovernmentType: The subject entity has the government type specified by the object entity.""}","[[""France"", ""governmentType"", ""Unitary_state""]]",False
10,"The College of William and Mary is the owner of the Alan B. Miller Hall, located in Virginia at 101 Ukrop Way and currently occupied by the Mason School of Business.","[[""College_of_William_and_Mary"", ""owner"", ""Alan_B._Miller_Hall""], [""Alan_B._Miller_Hall"", ""location"", ""Virginia""], [""Alan_B._Miller_Hall"", ""address"", ""\""101 Ukrop Way\""""], [""Alan_B._Miller_Hall"", ""currentTenants"", ""Mason_School_of_Business""]]","[""owner"", ""location"", ""address"", ""currentTenants""]","[""The subject entity is owned by the object entity."", ""The subject entity is located in the place specified by the object entity."", ""The subject entity is located at the address specified by the object."", ""The subject entity is currently occupied or used by the object entity.""]","[[""Alan_B._Miller_Hall"", ""address"", ""\""101 Ukrop Way\""""], [""Alan_B._Miller_Hall"", ""currentTenants"", ""Mason_School_of_Business""], [""Alan_B._Miller_Hall"", ""location"", ""Virginia""], [""Alan_B._Miller_Hall"", ""owner"", ""College_of_William_&_Mary""]]",,"[[""College_of_William_and_Mary"", ""owner"", ""Alan_B._Miller_Hall""], [""Alan_B._Miller_Hall"", ""location"", ""Virginia""], [""Alan_B._Miller_Hall"", ""address"", ""\""101 Ukrop Way\""""], [""Alan_B._Miller_Hall"", ""currentTenants"", ""Mason_School_of_Business""]]","{""address"": ""Text: The school is located at 123 Main Street.\nTriples: [['school', 'address', '123 Main Street']]\nRelations: ['address']\nAnswer:\naddress: The subject entity is located at the address specified by the object entity."", ""currentTenants"": ""Text: The building's current tenants include the U.S. Attorney's Office and the Federal Bureau of Investigation (FBI).\nTriples: [['building', 'currentTenants', \""U.S. Attorney's Office\""], ['building', 'currentTenants', 'Federal Bureau of Investigation (FBI)']]\nRelations: ['currentTenants']\nAnswer:\ncurrentTenants: The subject entity is currently leased or occupied by the object entity."", ""owner"": ""Text: The company is owned by Elon Musk.\nTriples: [['company', 'owner', 'Elon Musk']]\nRelations: ['owner']\nAnswer:\nowner: The subject entity is owned by the person or entity specified by the object entity."", ""location"": ""Text: The first store opened in 1986 in the city of Torrance, California.\nTriples: [['first store', 'opening year', '1986'], ['first store', 'location', 'Torrance']]\nRelations: ['opening year', 'location']\nAnswer:\nopening year: The subject entity was opened in the year specified by the object entity.\nlocation: The subject entity is located in the place specified by the object entity.""}","[[""College_of_William_and_Mary"", ""owner"", ""Alan_B._Miller_Hall""], [""Alan_B._Miller_Hall"", ""location"", ""Virginia""], [""Alan_B._Miller_Hall"", ""address"", ""\""101 Ukrop Way\""""], [""Alan_B._Miller_Hall"", ""currentTenants"", ""Mason_School_of_Business""]]",False
11,"Al Asad Airbase is operated by the United States Air Force and has a runway length of 3,990.","[[""Al_Asad_Airbase"", ""runwayLength"", ""3990""]]","[""runwayLength""]","[""The subject entity has a runway length as specified by the object.""]","[[""Al_Asad_Airbase"", ""operatingOrganisation"", ""United_States_Air_Force""], [""Al_Asad_Airbase"", ""runwayLength"", ""3990.0""]]",,"[[""Al_Asad_Airbase"", ""operator"", ""United_States_Air_Force""], [""Al_Asad_Airbase"", ""runwayLength"", ""3990""]]","{""runwayLength"": ""Text: The airport has one runway, 18/36, which is 7,001 feet (2,134 m) long.\nTriples: [['airport', 'runwayLength', '7,001 feet (2,134 m)']]\nRelations: ['runwayLength']\nAnswer:\nrunwayLength: The subject entity has a runway with the length specified by the object entity."", ""operator"": ""Text: The 1990 Tour de France was the 77th edition of Tour de France, one of cycling's Grand Tours. It took place from 30 June to 22 July, with 21 stages over 3,428 km (2,130 mi). The Tour was won by Greg LeMond of the Z team, ahead of Claudio Chiappucci and Erik Breukink.\nTriples: [['1990 Tour de France', 'edition number', '77th'], ['1990 Tour de France', 'sport', \""cycling's Grand Tours\""], ['1990 Tour de France', 'start time', '30 June'], ['1990 Tour de France', 'end time', '22 July'], ['Greg LeMond', 'operator', 'Z']]\nRelations: ['edition number', 'sport', 'start time', 'end time', 'operator']\nAnswer:\nedition number: The subject entity is the edition number specified by the object entity.\nsport: The subject entity is a part of the sport specified by the object entity.\nstart time: The subject entity started at the time specified by the object entity.\nend time: The subject entity ended at the time specified by the object entity.\noperator: The subject entity is operated by the object entity.""}","[null, [""Al_Asad_Airbase"", ""runwayLength"", ""3990""]]",False
12,"Born in New Hampshire on November 18th 1923 and dying in California, Alan Shepard was a US national who was selected by NASA in 1959.","[[""Alan_Shepard"", ""birthPlace"", ""New_Hampshire""], [""Alan_Shepard"", ""birthDate"", ""1923-11-18""], [""Alan_Shepard"", ""deathPlace"", ""California""], [""Alan_Shepard"", ""nationality"", ""United_States""], [""Alan_Shepard"", ""affiliation"", ""NASA""]]","[""birthPlace"", ""birthDate"", ""deathPlace"", ""nationality"", ""affiliation""]","[""The subject entity was born in the location specified by the object entity."", ""The subject entity was born on the date specified by the object entity."", ""The subject entity died in the location specified by the object entity."", ""The subject entity holds the nationality specified by the object entity."", ""The subject entity is affiliated or associated with the object entity.""]","[[""Alan_Shepard"", ""birthDate"", ""\""1923-11-18\""""], [""Alan_Shepard"", ""nationality"", ""United_States""], [""Alan_Shepard"", ""deathPlace"", ""California""], [""Alan_Shepard"", ""selectedByNasa"", ""1959""], [""Alan_Shepard"", ""birthPlace"", ""New_Hampshire""]]",,"[[""Alan_Shepard"", ""birthPlace"", ""New_Hampshire""], [""Alan_Shepard"", ""birthDate"", ""1923-11-18""], [""Alan_Shepard"", ""deathPlace"", ""California""], [""Alan_Shepard"", ""nationality"", ""United_States""], [""Alan_Shepard"", ""employer"", ""NASA""], [""Alan_Shepard"", ""selectionYear"", ""1959""]]","{""birthPlace"": ""Text: He was born in the town of San Pedro de Macor\u00eds in the Dominican Republic.\nTriples: [['He', 'birthPlace', 'San Pedro de Macor\u00eds']]\nRelations: ['birthPlace']\nAnswer:\nbirthPlace: The subject entity was born in the place specified by the object entity."", ""selectionYear"": ""Text: The 1998 NBA draft took place on June 24, 1998, at Vancouver, British Columbia.\nTriples: [['1998 NBA draft', 'selectionYear', '1998'], ['1998 NBA draft', 'point in time', 'June 24, 1998'], ['1998 NBA draft', 'location', 'Vancouver']]\nRelations: ['selectionYear', 'point in time', 'location']\nAnswer:\nselectionYear: The subject entity was selected in the year specified by the object entity.\npoint in time: The subject entity occurred at the time specified by the object entity.\nlocation: The subject entity took place in the location specified by the object entity."", ""nationality"": ""Text: David Ferrer Ern (born 2 April 1982) is a Spanish former professional tennis player.\nTriples: [['David Ferrer Ern', 'date of birth', '2 April 1982'], ['David Ferrer Ern', 'nationality', 'Spanish'], ['David Ferrer Ern', 'sport', 'tennis player']]\nRelations: ['date of birth', 'nationality', 'sport']\nAnswer:\ndate of birth: The subject entity was born on the date specified by the object entity.\nnationality: The subject entity has the nationality specified by the object entity.\nsport: The subject entity is associated with the sport specified by the object entity."", ""birthDate"": ""Text: John Adams (October 30, 1735 \u2013 July 4, 1826) was an American statesman, attorney, diplomat, writer, and Founding Father who served as the 2nd president of the United States from 1797 to 1801.\nTriples: [['John Adams', 'date of birth', 'October 30, 1735'], ['John Adams', 'date of death', 'July 4, 1826'], ['John Adams', 'occupation', 'attorney'], ['John Adams', 'position held', '2nd president of the United States']]\nRelations: ['date of birth', 'date of death', 'occupation', 'position held']\nAnswer:\ndate of birth: The subject entity was born on the date specified by the object entity.\ndate of death: The subject entity died on the date specified by the object entity.\noccupation: The subject entity has the occupation specified by the object entity.\nposition held: The subject entity held the position specified by the object entity."", ""deathPlace"": ""Text: He died in 1994 in the city of S\u00e3o Paulo.\nTriples: [['He', 'death date', '1994'], ['He', 'deathPlace', 'S\u00e3o Paulo']]\nRelations: ['death date', 'deathPlace']\nAnswer:\ndeath date: The subject entity died on the date specified by the object entity.\ndeathPlace: The subject entity died in the place specified by the object entity."", ""employer"": ""Text: He was employed by the architectural firm Skidmore, Owings & Merrill from 1950 to 1955, and then by I. M. Pei from 1955 to 1964.\nTriples: [['person', 'employer', 'Skidmore, Owings & Merrill'], ['person', 'start time', '1950'], ['person', 'end time', '1955']]\nRelations: ['employer', 'start time', 'end time']\nAnswer:\nemployer: The subject entity is employed by the object entity.""}","[[""Alan_Shepard"", ""birthPlace"", ""New_Hampshire""], [""Alan_Shepard"", ""birthDate"", ""1923-11-18""], [""Alan_Shepard"", ""deathPlace"", ""California""], [""Alan_Shepard"", ""nationality"", ""United_States""], [""Alan_Shepard"", ""affiliation"", ""NASA""], null]",False
13,Morelos is a state in the country or Mexico.,"[[""Morelos"", ""location"", ""Mexico""], [""Morelos"", ""type"", ""state""]]","[""location"", ""type""]","[""The subject entity is located in the place specified by the object entity."", ""The subject entity is classified or categorized as the type specified by the object entity.""]","[[""Morelos"", ""country"", ""Mexico""]]",,"[[""Morelos"", ""location"", ""Mexico""], [""Morelos"", ""type"", ""state""]]","{""type"": ""Text: The English Wikipedia is the English-language edition of the free online encyclopedia Wikipedia.\nTriples: [['English Wikipedia', 'language of work or name', 'English'], ['English Wikipedia', 'instance of', 'Wikipedia']]\nRelations: ['language of work or name', 'instance of']\nAnswer:\nlanguage of work or name: The subject entity uses the language specified by the object entity.\ninstance of: The subject entity is an instance or example of the type specified by the object entity."", ""location"": ""Text: The first store opened in 1986 in the city of Torrance, California.\nTriples: [['first store', 'opening year', '1986'], ['first store', 'location', 'Torrance']]\nRelations: ['opening year', 'location']\nAnswer:\nopening year: The subject entity was opened in the year specified by the object entity.\nlocation: The subject entity is located in the place specified by the object entity.""}","[[""Morelos"", ""location"", ""Mexico""], [""Morelos"", ""type"", ""state""]]",False
14,"Nie Haisheng was a fighter pilot from the People's Republic of China who was born in Hubei, Zaoyang on October 13, 1964.","[[""Nie_Haisheng"", ""occupation"", ""Fighter_pilot""], [""Nie_Haisheng"", ""country"", ""People's_Republic_of_China""], [""Nie_Haisheng"", ""birthPlace"", ""Zaoyang""], [""Nie_Haisheng"", ""birthPlace"", ""Hubei""], [""Nie_Haisheng"", ""birthDate"", ""October_13,_1964""]]","[""occupation"", ""country"", ""birthPlace"", ""birthPlace"", ""birthDate""]","[""The subject entity has the job or profession specified by the object entity."", ""The subject entity is located in the country specified by the object entity."", ""The subject entity was born in the location specified by the object entity."", ""The subject entity was born in the location specified by the object entity."", ""The subject entity was born on the date specified by the object entity.""]","[[""Nie_Haisheng"", ""birthPlace"", ""Zaoyang""], [""Nie_Haisheng"", ""birthPlace"", ""Hubei""], [""Nie_Haisheng"", ""nationality"", ""People's_Republic_of_China""], [""Nie_Haisheng"", ""birthDate"", ""1964-10-13""], [""Nie_Haisheng"", ""occupation"", ""Fighter_pilot""]]",,"[[""Nie_Haisheng"", ""occupation"", ""Fighter_pilot""], [""Nie_Haisheng"", ""country"", ""People's_Republic_of_China""], [""Nie_Haisheng"", ""birthPlace"", ""Zaoyang""], [""Nie_Haisheng"", ""birthPlace"", ""Hubei""], [""Nie_Haisheng"", ""birthDate"", ""October_13,_1964""]]","{""birthPlace"": ""Text: He was born in the town of San Pedro de Macor\u00eds in the Dominican Republic.\nTriples: [['He', 'birthPlace', 'San Pedro de Macor\u00eds']]\nRelations: ['birthPlace']\nAnswer:\nbirthPlace: The subject entity was born in the place specified by the object entity."", ""occupation"": ""Text: He was a member of the New York State Assembly (New York Co., 1st D.) in 1864 and 1865.\nTriples: [['New York State Assembly', 'location', 'New York Co.'], ['New York State Assembly', 'member', '1st D.'], ['New York State Assembly', 'start time', '1864'], ['New York State Assembly', 'end time', '1865']]\nRelations: ['location', 'member', 'start time', 'end time']\nAnswer:\nlocation: The subject entity is located in the place specified by the object entity.\nmember: The subject entity has the person or entity specified by the object entity as a member.\nstart time: The subject entity started at the time specified by the object entity.\nend time: The subject entity ended at the time specified by the object entity."", ""birthDate"": ""Text: John Adams (October 30, 1735 \u2013 July 4, 1826) was an American statesman, attorney, diplomat, writer, and Founding Father who served as the 2nd president of the United States from 1797 to 1801.\nTriples: [['John Adams', 'date of birth', 'October 30, 1735'], ['John Adams', 'date of death', 'July 4, 1826'], ['John Adams', 'occupation', 'attorney'], ['John Adams', 'position held', '2nd president of the United States']]\nRelations: ['date of birth', 'date of death', 'occupation', 'position held']\nAnswer:\ndate of birth: The subject entity was born on the date specified by the object entity.\ndate of death: The subject entity died on the date specified by the object entity.\noccupation: The subject entity has the occupation specified by the object entity.\nposition held: The subject entity held the position specified by the object entity."", ""country"": ""Text: The first season of the American television series Designated Survivor premiered on September 21, 2016, and concluded on May 17, 2017 in the United States.\nTriples: [['Designated Survivor', 'country of origin', 'United States'], ['Designated Survivor', 'original language of film or TV show', 'English'], ['Designated Survivor', 'number of seasons', '1'], ['Designated Survivor', 'start time', 'September 21, 2016']]\nRelations: ['country of origin', 'original language of film or TV show', 'number of seasons', 'start time']\nAnswer:\ncountry of origin: The subject entity originates from the country specified by the object entity.""}","[[""Nie_Haisheng"", ""occupation"", ""Fighter_pilot""], [""Nie_Haisheng"", ""country"", ""People's_Republic_of_China""], [""Nie_Haisheng"", ""birthPlace"", ""Zaoyang""], [""Nie_Haisheng"", ""birthPlace"", ""Hubei""], [""Nie_Haisheng"", ""birthDate"", ""October_13,_1964""]]",False
15,Bedford Aerodrome operated by MotorSport Vision has EGBF as its ICAO location identifier.,"[[""Bedford_Aerodrome"", ""icaoLocationIdentifier"", ""EGBF""]]","[""icaoLocationIdentifier""]","[""The subject entity has an ICAO location identifier as specified by the object.""]","[[""Bedford_Aerodrome"", ""operatingOrganisation"", ""MotorSport_Vision""], [""Bedford_Aerodrome"", ""icaoLocationIdentifier"", ""EGBF""]]",,"[[""Bedford_Aerodrome"", ""operator"", ""MotorSport_Vision""], [""Bedford_Aerodrome"", ""ICAO_location_identifier"", ""EGBF""]]","{""ICAO_location_identifier"": ""Text: The airport is located 10 miles (16 km) southwest of the central business district of Texarkana, Arkansas, United States. It is assigned the location identifier TXK by the FAA and IATA.\nTriples: [['Texarkana Regional Airport', 'location', '10 miles (16 km) southwest of the central business district of Texarkana, Arkansas, United States'], ['Texarkana Regional Airport', 'FAA_location_identifier', 'TXK'], ['Texarkana Regional Airport', 'IATA_airport_code', 'TXK']]\nRelations: ['ICAO_location_identifier']\nAnswer:\nICAO_location_identifier: The subject entity has the International Civil Aviation Organization (ICAO) location identifier specified by the object entity."", ""operator"": ""Text: The 1990 Tour de France was the 77th edition of Tour de France, one of cycling's Grand Tours. It took place from 30 June to 22 July, with 21 stages over 3,428 km (2,130 mi). The Tour was won by Greg LeMond of the Z team, ahead of Claudio Chiappucci and Erik Breukink.\nTriples: [['1990 Tour de France', 'edition number', '77th'], ['1990 Tour de France', 'sport', \""cycling's Grand Tours\""], ['1990 Tour de France', 'start time', '30 June'], ['1990 Tour de France', 'end time', '22 July'], ['Greg LeMond', 'operator', 'Z']]\nRelations: ['edition number', 'sport', 'start time', 'end time', 'operator']\nAnswer:\nedition number: The subject entity is the edition number specified by the object entity.\nsport: The subject entity is a part of the sport specified by the object entity.\nstart time: The subject entity started at the time specified by the object entity.\nend time: The subject entity ended at the time specified by the object entity.\noperator: The subject entity is operated by the object entity.""}","[null, [""Bedford_Aerodrome"", ""icaoLocationIdentifier"", ""EGBF""]]",False
16,"Adolfo Suarez Madrid-Barajas airport is located at Paracuellos de Jarama, is operated by ENAIRE and is 610 metres above sea level. It also has a 3500 long runway.","[[""Adolfo_Suarez_Madrid-Barajas_Airport"", ""location"", ""Paracuellos_de_Jarama""], [""Adolfo_Suarez_Madrid-Barajas_Airport"", ""elevationAboveTheSeaLevel"", ""610 metres""], [""Adolfo_Suarez_Madrid-Barajas_Airport"", ""runwayLength"", ""3500""]]","[""location"", ""elevationAboveTheSeaLevel"", ""runwayLength""]","[""The subject entity is located in the place specified by the object entity."", ""The subject entity is located at the height specified by the object entity above sea level."", ""The subject entity has a runway length as specified by the object.""]","[[""Adolfo_Su\u00e1rez_Madrid\u2013Barajas_Airport"", ""operatingOrganisation"", ""ENAIRE""], [""Adolfo_Su\u00e1rez_Madrid\u2013Barajas_Airport"", ""location"", ""Paracuellos_de_Jarama""], [""Adolfo_Su\u00e1rez_Madrid\u2013Barajas_Airport"", ""runwayLength"", ""3500.0""], [""Adolfo_Su\u00e1rez_Madrid\u2013Barajas_Airport"", ""elevationAboveTheSeaLevel"", ""610.0""]]",,"[[""Adolfo_Suarez_Madrid-Barajas_Airport"", ""location"", ""Paracuellos_de_Jarama""], [""Adolfo_Suarez_Madrid-Barajas_Airport"", ""operator"", ""ENAIRE""], [""Adolfo_Suarez_Madrid-Barajas_Airport"", ""elevationAboveSeaLevel"", ""610 metres""], [""Adolfo_Suarez_Madrid-Barajas_Airport"", ""runwayLength"", ""3500""]]","{""runwayLength"": ""Text: The airport has one runway, 18/36, which is 7,001 feet (2,134 m) long.\nTriples: [['airport', 'runwayLength', '7,001 feet (2,134 m)']]\nRelations: ['runwayLength']\nAnswer:\nrunwayLength: The subject entity has a runway with the length specified by the object entity."", ""elevationAboveSeaLevel"": ""Text: Mount Everest is Earth's highest mountain above sea level, located in the Mahalangur Himal sub-range of the Himalayas.\nTriples: [['Mount Everest', 'elevationAboveSeaLevel', 'Earth']]\nRelations: ['elevationAboveSeaLevel']\nAnswer:\nelevationAboveSeaLevel: The subject entity's elevation is above the sea level of the object entity."", ""location"": ""Text: The first store opened in 1986 in the city of Torrance, California.\nTriples: [['first store', 'opening year', '1986'], ['first store', 'location', 'Torrance']]\nRelations: ['opening year', 'location']\nAnswer:\nopening year: The subject entity was opened in the year specified by the object entity.\nlocation: The subject entity is located in the place specified by the object entity."", ""operator"": ""Text: The 1990 Tour de France was the 77th edition of Tour de France, one of cycling's Grand Tours. It took place from 30 June to 22 July, with 21 stages over 3,428 km (2,130 mi). The Tour was won by Greg LeMond of the Z team, ahead of Claudio Chiappucci and Erik Breukink.\nTriples: [['1990 Tour de France', 'edition number', '77th'], ['1990 Tour de France', 'sport', \""cycling's Grand Tours\""], ['1990 Tour de France', 'start time', '30 June'], ['1990 Tour de France', 'end time', '22 July'], ['Greg LeMond', 'operator', 'Z']]\nRelations: ['edition number', 'sport', 'start time', 'end time', 'operator']\nAnswer:\nedition number: The subject entity is the edition number specified by the object entity.\nsport: The subject entity is a part of the sport specified by the object entity.\nstart time: The subject entity started at the time specified by the object entity.\nend time: The subject entity ended at the time specified by the object entity.\noperator: The subject entity is operated by the object entity.""}","[[""Adolfo_Suarez_Madrid-Barajas_Airport"", ""location"", ""Paracuellos_de_Jarama""], null, [""Adolfo_Suarez_Madrid-Barajas_Airport"", ""elevationAboveTheSeaLevel"", ""610 metres""], [""Adolfo_Suarez_Madrid-Barajas_Airport"", ""runwayLength"", ""3500""]]",False
17,"The Estadio Municipal Coaracy da Mata Fonseca in Arapiraca is the ground of Agremiação Sportiva Arapiraquense (which has 17000 members) that play in the Campeonato Brasileiro Série C league. Champions, The Vila Nova Futebol Clube at Campeonato Brasileiro Série C from Brazil.","[[""Estadio_Municipal_Coaracy_da_Mata_Fonseca"", ""location"", ""Arapiraca""], [""Agremia\u00e7\u00e3o_Sportiva_Arapiraquense"", ""numberOfMembers"", ""17000""], [""Agremia\u00e7\u00e3o_Sportiva_Arapiraquense"", ""league"", ""Campeonato_Brasileiro_S\u00e9rie_C""], [""Vila_Nova_Futebol_Clube"", ""league"", ""Campeonato_Brasileiro_S\u00e9rie_C""], [""Campeonato_Brasileiro_S\u00e9rie_C"", ""country"", ""Brazil""]]","[""location"", ""numberOfMembers"", ""league"", ""league"", ""country""]","[""The subject entity is located in the place specified by the object entity."", ""The subject entity has the number of members as specified by the object entity."", ""The subject entity participates or competes in the league specified by the object entity."", ""The subject entity participates or competes in the league specified by the object entity."", ""The subject entity is located in the country specified by the object entity.""]","[[""Est\u00e1dio_Municipal_Coaracy_da_Mata_Fonseca"", ""location"", ""Arapiraca""], [""Agremia\u00e7\u00e3o_Sportiva_Arapiraquense"", ""league"", ""Campeonato_Brasileiro_S\u00e9rie_C""], [""Campeonato_Brasileiro_S\u00e9rie_C"", ""champions"", ""Vila_Nova_Futebol_Clube""], [""Campeonato_Brasileiro_S\u00e9rie_C"", ""country"", ""Brazil""], [""Agremia\u00e7\u00e3o_Sportiva_Arapiraquense"", ""numberOfMembers"", ""17000""], [""Agremia\u00e7\u00e3o_Sportiva_Arapiraquense"", ""ground"", ""Est\u00e1dio_Municipal_Coaracy_da_Mata_Fonseca""]]",,"[[""Estadio_Municipal_Coaracy_da_Mata_Fonseca"", ""location"", ""Arapiraca""], [""Estadio_Municipal_Coaracy_da_Mata_Fonseca"", ""groundOf"", ""Agremia\u00e7\u00e3o_Sportiva_Arapiraquense""], [""Agremia\u00e7\u00e3o_Sportiva_Arapiraquense"", ""numberOfMembers"", ""17000""], [""Agremia\u00e7\u00e3o_Sportiva_Arapiraquense"", ""league"", ""Campeonato_Brasileiro_S\u00e9rie_C""], [""Vila_Nova_Futebol_Clube"", ""league"", ""Campeonato_Brasileiro_S\u00e9rie_C""], [""Campeonato_Brasileiro_S\u00e9rie_C"", ""country"", ""Brazil""]]","{""groundOf"": ""Text: The Battle of the Granicus River in May 334 BC was the first of three major battles fought between Alexander the Great and the Persian Empire.\nTriples: [['Battle of the Granicus River', 'point in time', 'May 334 BC'], ['Battle of the Granicus River', 'conflict', 'Alexander the Great'], ['Battle of the Granicus River', 'conflict', 'Persian Empire']]\nRelations: ['point in time', 'conflict']\nAnswer:\npoint in time: The subject entity occurred at the time specified by the object entity.\nconflict: The subject entity is a conflict or battle involving the entity specified by the object entity."", ""country"": ""Text: The first season of the American television series Designated Survivor premiered on September 21, 2016, and concluded on May 17, 2017 in the United States.\nTriples: [['Designated Survivor', 'country of origin', 'United States'], ['Designated Survivor', 'original language of film or TV show', 'English'], ['Designated Survivor', 'number of seasons', '1'], ['Designated Survivor', 'start time', 'September 21, 2016']]\nRelations: ['country of origin', 'original language of film or TV show', 'number of seasons', 'start time']\nAnswer:\ncountry of origin: The subject entity originates from the country specified by the object entity."", ""league"": ""Text: The 2019\u201320 Biathlon World Cup was a multi-race series over a season of biathlon, organised by the International Biathlon Union.\nTriples: [['2019\u201320 Biathlon World Cup', 'sport', 'biathlon'], ['2019\u201320 Biathlon World Cup', 'organizer', 'International Biathlon Union']]\nRelations: ['sport', 'organizer']\nAnswer:\nsport: The subject entity is associated with the sport specified by the object entity.\norganizer: The subject entity is organized or managed by the entity specified by the object entity."", ""numberOfMembers"": ""Text: The population of the city was 1,455 at the 2010 census.\nTriples: [['city', 'numberOfMembers', '1,455'], ['2010 census', 'point in time', '2010']]\nRelations: ['numberOfMembers', 'point in time']\nAnswer:\nnumberOfMembers: The subject entity has the number of members specified by the object entity.\npoint in time: The object entity specifies a specific point in time the subject entity took place in."", ""location"": ""Text: The first store opened in 1986 in the city of Torrance, California.\nTriples: [['first store', 'opening year', '1986'], ['first store', 'location', 'Torrance']]\nRelations: ['opening year', 'location']\nAnswer:\nopening year: The subject entity was opened in the year specified by the object entity.\nlocation: The subject entity is located in the place specified by the object entity.""}","[[""Estadio_Municipal_Coaracy_da_Mata_Fonseca"", ""location"", ""Arapiraca""], null, [""Agremia\u00e7\u00e3o_Sportiva_Arapiraquense"", ""numberOfMembers"", ""17000""], [""Agremia\u00e7\u00e3o_Sportiva_Arapiraquense"", ""league"", ""Campeonato_Brasileiro_S\u00e9rie_C""], [""Vila_Nova_Futebol_Clube"", ""league"", ""Campeonato_Brasileiro_S\u00e9rie_C""], [""Campeonato_Brasileiro_S\u00e9rie_C"", ""country"", ""Brazil""]]",False
18,"The Acharya Institute of Technology, affiliated with Visvesvaraya Technological University, is located in Belgaum, India.","[[""Acharya_Institute_of_Technology"", ""location"", ""Belgaum""], [""Belgaum"", ""country"", ""India""]]","[""location"", ""country""]","[""The subject entity is located in the place specified by the object entity."", ""The subject entity is located in the country specified by the object entity.""]","[[""Acharya_Institute_of_Technology"", ""affiliation"", ""Visvesvaraya_Technological_University""], [""Visvesvaraya_Technological_University"", ""city"", ""Belgaum""], [""Acharya_Institute_of_Technology"", ""country"", ""\""India\""""]]",,"[[""Acharya_Institute_of_Technology"", ""affiliatedWith"", ""Visvesvaraya_Technological_University""], [""Acharya_Institute_of_Technology"", ""location"", ""Belgaum""], [""Belgaum"", ""country"", ""India""]]","{""affiliatedWith"": ""Text: The 1992 Winter Olympics were held in Albertville, France.\nTriples: [['1992 Winter Olympics', 'location', 'Albertville'], ['Albertville', 'country', 'France']]\nRelations: ['location', 'country']\nAnswer:\nlocation: The subject entity is located in the place specified by the object entity.\ncountry: The subject entity is located in the country specified by the object entity."", ""country"": ""Text: The first season of the American television series Designated Survivor premiered on September 21, 2016, and concluded on May 17, 2017 in the United States.\nTriples: [['Designated Survivor', 'country of origin', 'United States'], ['Designated Survivor', 'original language of film or TV show', 'English'], ['Designated Survivor', 'number of seasons', '1'], ['Designated Survivor', 'start time', 'September 21, 2016']]\nRelations: ['country of origin', 'original language of film or TV show', 'number of seasons', 'start time']\nAnswer:\ncountry of origin: The subject entity originates from the country specified by the object entity."", ""location"": ""Text: The first store opened in 1986 in the city of Torrance, California.\nTriples: [['first store', 'opening year', '1986'], ['first store', 'location', 'Torrance']]\nRelations: ['opening year', 'location']\nAnswer:\nopening year: The subject entity was opened in the year specified by the object entity.\nlocation: The subject entity is located in the place specified by the object entity.""}","[null, [""Acharya_Institute_of_Technology"", ""location"", ""Belgaum""], [""Belgaum"", ""country"", ""India""]]",False
19,"The Baku Turkish Martyrs' Memorial is located in Azerbaijan, where Artur Rasizade was a leader.","[[""Azerbaijan"", ""leader"", ""Artur_Rasizade""]]","[""leader""]","[""The subject entity is led or governed by the object entity.""]","[[""Azerbaijan"", ""leader"", ""Artur_Rasizade""], [""Baku_Turkish_Martyrs'_Memorial"", ""location"", ""Azerbaijan""]]",,"[[""Azerbaijan"", ""leader"", ""Artur_Rasizade""]]","{""leader"": ""Text: The leader of the project was Sarah.\nTriples: [['project', 'leader', 'Sarah']]\nRelations: ['leader']\nAnswer:\nleader: The subject entity has the person or entity specified by the object entity as its leader.""}","[[""Azerbaijan"", ""leader"", ""Artur_Rasizade""]]",False
20,"Bionico, a food found in Mexico, is a dish served for dessert.","[[""Bionico"", ""country"", ""Mexico""], [""Bionico"", ""course"", ""Dessert""]]","[""country"", ""course""]","[""The subject entity is located in the country specified by the object entity."", ""The subject entity is typically served during the meal course specified by the object entity.""]","[[""Bionico"", ""course"", ""Dessert""], [""Bionico"", ""country"", ""Mexico""]]",,"[[""Bionico"", ""cuisine"", ""Mexico""], [""Bionico"", ""dishServedAs"", ""Dessert""]]","{""dishServedAs"": ""Text: The restaurant is known for its authentic Italian cuisine, with dishes like pasta carbonara and osso buco served as main courses.\nTriples: [['pasta carbonara', 'dishServedAs', 'main courses'], ['osso buco', 'dishServedAs', 'main courses']]\nRelations: ['dishServedAs']\nAnswer:\ndishServedAs: The subject entity is a dish that is served as the object entity."", ""cuisine"": ""Text: The cuisine of Devon has influenced, and been influenced by, other British cuisine.\nTriples: [['cuisine of Devon', 'country', 'British']]\nRelations: ['country']\nAnswer:\ncountry: The subject entity is associated with the country specified by the object entity.""}","[[""Bionico"", ""country"", ""Mexico""], [""Bionico"", ""course"", ""Dessert""]]",False
21,"Aaron Turner is a singer who started performing in 1995 and played with the band, Twilight.","[[""Aaron_Turner"", ""occupation"", ""Singer""], [""Aaron_Turner"", ""foundingDate"", ""1995""]]","[""occupation"", ""foundingDate""]","[""The subject entity has the job or profession specified by the object entity."", ""The subject entity was established or founded on the date specified by the object entity.""]","[[""Aaron_Turner"", ""instrument"", ""Singing""], [""Aaron_Turner"", ""associatedBand/associatedMusicalArtist"", ""Twilight_(band)""], [""Aaron_Turner"", ""activeYearsStartYear"", ""1995""]]",,"[[""Aaron_Turner"", ""occupation"", ""Singer""], [""Aaron_Turner"", ""memberOf"", ""Twilight""], [""Aaron_Turner"", ""activeStartDate"", ""1995""]]","{""occupation"": ""Text: He was a member of the New York State Assembly (New York Co., 1st D.) in 1864 and 1865.\nTriples: [['New York State Assembly', 'location', 'New York Co.'], ['New York State Assembly', 'member', '1st D.'], ['New York State Assembly', 'start time', '1864'], ['New York State Assembly', 'end time', '1865']]\nRelations: ['location', 'member', 'start time', 'end time']\nAnswer:\nlocation: The subject entity is located in the place specified by the object entity.\nmember: The subject entity has the person or entity specified by the object entity as a member.\nstart time: The subject entity started at the time specified by the object entity.\nend time: The subject entity ended at the time specified by the object entity."", ""memberOf"": ""Text: The 1992 Winter Olympics was the first of three consecutive Olympics to be held in a different year from the Summer Olympics. Albertville, France, was chosen as the host city in October 1986, beating bids from Anchorage, Alaska; Berchtesgaden, Germany; Cortina d'Ampezzo, Italy; Falun, Sweden; and Sofia, Bulgaria.\nTriples: [['1992 Winter Olympics', 'followed by', 'Summer Olympics'], ['Albertville', 'country', 'France'], ['Albertville', 'host city', '1992 Winter Olympics'], ['Anchorage', 'memberOf', 'Alaska']]\nRelations: ['followed by', 'country', 'host city', 'memberOf']\nAnswer:\nfollowed by: The subject entity was followed by the event specified by the object entity.\ncountry: The subject entity is located in the country specified by the object entity.\nhost city: The subject entity was the host city for the event specified by the object entity.\nmemberOf: The subject entity is a member of the group or organization specified by the object entity."", ""activeStartDate"": ""Text: The company was founded in 1998 and went public in 2004.\nTriples: [['company', 'founding date', '1998'], ['company', 'activeStartDate', '2004']]\nRelations: ['founding date', 'activeStartDate']\nAnswer:\nfounding date: The subject entity was founded on the date specified by the object entity.\nactiveStartDate: The subject entity became active or started operations on the date specified by the object entity.""}","[[""Aaron_Turner"", ""occupation"", ""Singer""], null, [""Aaron_Turner"", ""foundingDate"", ""1995""]]",False
22,"Bananaman, which was broadcasted by STV, was first aired on 10/03/1983.","[[""Bananaman"", ""broadcastedBy"", ""STV""], [""Bananaman"", ""firstAired"", ""1983-03-10""]]","[""broadcastedBy"", ""firstAired""]","[""The subject entity is broadcasted or aired by the object entity."", ""The subject entity is first aired on the date specified by the object entity.""]","[[""Bananaman"", ""broadcastedBy"", ""\""STV\""""], [""Bananaman"", ""firstAired"", ""\""1983-10-03\""""]]",,"[[""Bananaman"", ""broadcaster"", ""STV""], [""Bananaman"", ""firstAired"", ""1983-03-10""]]","{""firstAired"": ""Text: The first episode of the series aired on September 24, 2018, on CBS.\nTriples: [['series', 'firstAired', 'September 24, 2018'], ['series', 'network', 'CBS']]\nRelations: ['firstAired', 'network']\nAnswer:\nfirstAired: The subject entity first aired on the date specified by the object entity.\nnetwork: The subject entity is broadcast on the network specified by the object entity."", ""broadcaster"": ""Text: The series was broadcast on YTV in the United Kingdom, Teletoon in Canada and Nickelodeon in the United States.\nTriples: [['series', 'broadcaster', 'YTV'], ['series', 'country of origin', 'United Kingdom'], ['series', 'broadcaster', 'Teletoon'], ['series', 'country of origin', 'Canada']]\nRelations: ['broadcaster', 'country of origin']\nAnswer:\nbroadcaster: The subject entity is broadcast on the channel or network specified by the object entity.\ncountry of origin: The subject entity originates from the country specified by the object entity.""}","[[""Bananaman"", ""broadcastedBy"", ""STV""], [""Bananaman"", ""firstAired"", ""1983-03-10""]]",False
23,"Founded on January 1, 2001, Hypermarcas is a pharmaceutical company that makes healthcare products and sells cosmetics.","[[""Hypermarcas"", ""industry"", ""Pharmaceutical""], [""Hypermarcas"", ""foundingDate"", ""2001-01-01""], [""Hypermarcas"", ""product"", ""Healthcare_products""], [""Hypermarcas"", ""product"", ""Cosmetics""]]","[""industry"", ""foundingDate"", ""product"", ""product""]","[""The subject entity operates in the industry specified by the object entity."", ""The subject entity was established or founded on the date specified by the object entity."", ""The subject entity produces or manufactures the object entity."", ""The subject entity produces or manufactures the object entity.""]","[[""Hypermarcas"", ""foundingDate"", ""2001-01-01""], [""Hypermarcas"", ""product"", ""Healthcare""], [""Hypermarcas"", ""product"", ""Cosmetics""], [""Hypermarcas"", ""industry"", ""Pharmaceuticals""]]",,"[[""Hypermarcas"", ""industry"", ""Pharmaceutical""], [""Hypermarcas"", ""foundingDate"", ""2001-01-01""], [""Hypermarcas"", ""product"", ""Healthcare_products""], [""Hypermarcas"", ""product"", ""Cosmetics""]]","{""product"": ""Text: The company's product line includes a variety of items, such as the popular Widget X and the more specialized Gadget Y.\nTriples: [['company', 'product', 'Widget X'], ['company', 'product', 'Gadget Y']]\nRelations: ['product']\nAnswer:\nproduct: The subject entity produces or offers the product specified by the object entity."", ""foundingDate"": ""Text: The company was founded in 1998 and is headquartered in San Jose, California.\nTriples: [['company', 'foundingDate', '1998'], ['company', 'headquarters location', 'San Jose, California']]\nRelations: ['foundingDate', 'headquarters location']\nAnswer:\nfoundingDate: The subject entity was founded on the date specified by the object entity.\nheadquarters location: The subject entity has its headquarters located in the place specified by the object entity."", ""industry"": ""Text: The company was founded in 2017 and operates in the information technology and services industry.\nTriples: [['company', 'founding date', '2017'], ['company', 'industry', 'information technology and services']]\nRelations: ['founding date', 'industry']\nAnswer:\nfounding date: The subject entity was established or founded on the date specified by the object entity.\nindustry: The subject entity operates in the industry specified by the object entity.""}","[[""Hypermarcas"", ""industry"", ""Pharmaceutical""], [""Hypermarcas"", ""foundingDate"", ""2001-01-01""], [""Hypermarcas"", ""product"", ""Healthcare_products""], [""Hypermarcas"", ""product"", ""Cosmetics""]]",False
24,The Mason School of Business is located in Virginia in the United States and is based at The Alan B Miller Hall on 101 Ukrop Way. The building was designed by architect Robert A.M. Stern.,"[[""Mason_School_of_Business"", ""location"", ""Virginia""], [""Mason_School_of_Business"", ""country"", ""United_States""], [""Mason_School_of_Business"", ""location"", ""The_Alan_B_Miller_Hall""], [""The_Alan_B_Miller_Hall"", ""address"", ""\""101 Ukrop Way\""""], [""The_Alan_B_Miller_Hall"", ""architect"", ""Robert_A._M._Stern""]]","[""location"", ""country"", ""location"", ""address"", ""architect""]","[""The subject entity is located in the place specified by the object entity."", ""The subject entity is located in the country specified by the object entity."", ""The subject entity is located in the place specified by the object entity."", ""The subject entity is located at the address specified by the object."", ""The subject entity was designed or planned by the object entity.""]","[[""Alan_B._Miller_Hall"", ""architect"", ""Robert_A._M._Stern""], [""Alan_B._Miller_Hall"", ""address"", ""\""101 Ukrop Way\""""], [""Alan_B._Miller_Hall"", ""currentTenants"", ""Mason_School_of_Business""], [""Alan_B._Miller_Hall"", ""location"", ""Virginia""], [""Mason_School_of_Business"", ""country"", ""United_States""]]",,"[[""Mason_School_of_Business"", ""location"", ""Virginia""], [""Mason_School_of_Business"", ""country"", ""United_States""], [""Mason_School_of_Business"", ""location"", ""The_Alan_B_Miller_Hall""], [""The_Alan_B_Miller_Hall"", ""address"", ""\""101 Ukrop Way\""""], [""The_Alan_B_Miller_Hall"", ""architect"", ""Robert_A._M._Stern""]]","{""country"": ""Text: The first season of the American television series Designated Survivor premiered on September 21, 2016, and concluded on May 17, 2017 in the United States.\nTriples: [['Designated Survivor', 'country of origin', 'United States'], ['Designated Survivor', 'original language of film or TV show', 'English'], ['Designated Survivor', 'number of seasons', '1'], ['Designated Survivor', 'start time', 'September 21, 2016']]\nRelations: ['country of origin', 'original language of film or TV show', 'number of seasons', 'start time']\nAnswer:\ncountry of origin: The subject entity originates from the country specified by the object entity."", ""address"": ""Text: The school is located at 123 Main Street.\nTriples: [['school', 'address', '123 Main Street']]\nRelations: ['address']\nAnswer:\naddress: The subject entity is located at the address specified by the object entity."", ""architect"": ""Text: The building was designed by architect Gin\u00e9s Mart\u00ednez Castellanos.\nTriples: [['building', 'architect', 'Gin\u00e9s Mart\u00ednez Castellanos']]\nRelations: ['architect']\nAnswer:\narchitect: The subject entity was designed by the architect specified by the object entity."", ""location"": ""Text: The first store opened in 1986 in the city of Torrance, California.\nTriples: [['first store', 'opening year', '1986'], ['first store', 'location', 'Torrance']]\nRelations: ['opening year', 'location']\nAnswer:\nopening year: The subject entity was opened in the year specified by the object entity.\nlocation: The subject entity is located in the place specified by the object entity.""}","[[""Mason_School_of_Business"", ""location"", ""Virginia""], [""Mason_School_of_Business"", ""country"", ""United_States""], [""Mason_School_of_Business"", ""location"", ""The_Alan_B_Miller_Hall""], [""The_Alan_B_Miller_Hall"", ""address"", ""\""101 Ukrop Way\""""], [""The_Alan_B_Miller_Hall"", ""architect"", ""Robert_A._M._Stern""]]",False
25,"Bionico is a dessert food made from chopped fruits, sour cream, condensed milk, granola, shredded coconut and raisins. This dish can be found in Mexico, a country that is inhabited by Mexicans and uses the peso as its currency.","[[""Bionico"", ""mainIngredient"", ""chopped_fruits""], [""Bionico"", ""mainIngredient"", ""sour_cream""], [""Bionico"", ""mainIngredient"", ""condensed_milk""], [""Bionico"", ""mainIngredient"", ""granola""], [""Bionico"", ""mainIngredient"", ""shredded_coconut""], [""Bionico"", ""mainIngredient"", ""raisins""], [""Bionico"", ""country"", ""Mexico""], [""Mexico"", ""currency"", ""Peso""], [""Mexico"", ""demonym"", ""Mexican""]]","[""mainIngredient"", ""mainIngredient"", ""mainIngredient"", ""mainIngredient"", ""mainIngredient"", ""mainIngredient"", ""country"", ""currency"", ""demonym""]","[""The subject entity is primarily made up of the ingredients specified by the object entity."", ""The subject entity is primarily made up of the ingredients specified by the object entity."", ""The subject entity is primarily made up of the ingredients specified by the object entity."", ""The subject entity is primarily made up of the ingredients specified by the object entity."", ""The subject entity is primarily made up of the ingredients specified by the object entity."", ""The subject entity is primarily made up of the ingredients specified by the object entity."", ""The subject entity is located in the country specified by the object entity."", ""The subject entity uses the object entity as its official form of monetary exchange."", ""The subject entity's inhabitants are referred to by the term specified by the object entity.""]","[[""Mexico"", ""currency"", ""Mexican_peso""], [""Mexico"", ""demonym"", ""Mexicans""], [""Bionico"", ""course"", ""Dessert""], [""Bionico"", ""mainIngredient"", ""\""Chopped Fruits, Sour Cream, Condensed Milk, Granola, Shredded Coconut, Raisins\""""], [""Bionico"", ""country"", ""Mexico""]]",,"[[""Bionico"", ""madeFrom"", ""chopped_fruits""], [""Bionico"", ""madeFrom"", ""sour_cream""], [""Bionico"", ""madeFrom"", ""condensed_milk""], [""Bionico"", ""madeFrom"", ""granola""], [""Bionico"", ""madeFrom"", ""shredded_coconut""], [""Bionico"", ""madeFrom"", ""raisins""], [""Bionico"", ""cuisine"", ""Mexico""], [""Mexico"", ""currency"", ""Peso""], [""Mexico"", ""demonym"", ""Mexican""]]","{""demonym"": ""Text: The people of the Dominican Republic are called Dominicans.\nTriples: [['Dominican Republic', 'demonym', 'Dominicans']]\nRelations: ['demonym']\nAnswer:\ndemonym: The object entity is the demonym, or name for the people, of the subject entity."", ""currency"": ""Text: The currency of the Isle of Man is the pound sterling, in common with the United Kingdom, and the Manx pound, which is pegged to the pound sterling.\nTriples: [['Isle of Man', 'currency', 'pound sterling'], ['Isle of Man', 'currency', 'Manx pound']]\nRelations: ['currency']\nAnswer:\ncurrency: The subject entity uses the currency specified by the object entity."", ""cuisine"": ""Text: The cuisine of Devon has influenced, and been influenced by, other British cuisine.\nTriples: [['cuisine of Devon', 'country', 'British']]\nRelations: ['country']\nAnswer:\ncountry: The subject entity is associated with the country specified by the object entity."", ""madeFrom"": ""Text: The traditional Dalmatian dish pa\u0161ticada is made from beef.\nTriples: [['pa\u0161ticada', 'cuisine', 'Dalmatian'], ['pa\u0161ticada', 'madeFrom', 'beef']]\nRelations: ['cuisine', 'madeFrom']\nAnswer:\ncuisine: The subject entity is a part of the cuisine specified by the object entity.\nmadeFrom: The subject entity is made from the material specified by the object entity.""}","[[""Bionico"", ""mainIngredient"", ""chopped_fruits""], [""Bionico"", ""mainIngredient"", ""sour_cream""], [""Bionico"", ""mainIngredient"", ""condensed_milk""], [""Bionico"", ""mainIngredient"", ""granola""], [""Bionico"", ""mainIngredient"", ""shredded_coconut""], [""Bionico"", ""mainIngredient"", ""raisins""], [""Bionico"", ""country"", ""Mexico""], [""Mexico"", ""currency"", ""Peso""], [""Mexico"", ""demonym"", ""Mexican""]]",False
26,"Nie Haisheng was born on October 13, 1964 and is from the People’s Republic of China. Haisheng worked as a fighter pilot and was apart of the Shenzhou 10 mission and also took part in the Shenzhou 6 mission.","[[""Nie_Haisheng"", ""birthDate"", ""October 13, 1964""], [""Nie_Haisheng"", ""nationality"", ""People\u2019s_Republic_of_China""], [""Nie_Haisheng"", ""occupation"", ""fighter_pilot""], [""Nie_Haisheng"", ""mission"", ""Shenzhou_10_mission""], [""Nie_Haisheng"", ""mission"", ""Shenzhou_6_mission""]]","[""birthDate"", ""nationality"", ""occupation"", ""mission"", ""mission""]","[""The subject entity was born on the date specified by the object entity."", ""The subject entity holds the nationality specified by the object entity."", ""The subject entity has the job or profession specified by the object entity."", ""The subject entity participated in the event or operation specified by the object entity."", ""The subject entity participated in the event or operation specified by the object entity.""]","[[""Nie_Haisheng"", ""mission"", ""Shenzhou_10""], [""Nie_Haisheng"", ""mission"", ""Shenzhou_6""], [""Nie_Haisheng"", ""nationality"", ""People's_Republic_of_China""], [""Nie_Haisheng"", ""birthDate"", ""1964-10-13""], [""Nie_Haisheng"", ""occupation"", ""Fighter_pilot""]]",,"[[""Nie_Haisheng"", ""dateOfBirth"", ""October 13, 1964""], [""Nie_Haisheng"", ""nationality"", ""People\u2019s_Republic_of_China""], [""Nie_Haisheng"", ""occupation"", ""fighter_pilot""], [""Nie_Haisheng"", ""mission"", ""Shenzhou_10_mission""], [""Nie_Haisheng"", ""mission"", ""Shenzhou_6_mission""]]","{""occupation"": ""Text: He was a member of the New York State Assembly (New York Co., 1st D.) in 1864 and 1865.\nTriples: [['New York State Assembly', 'location', 'New York Co.'], ['New York State Assembly', 'member', '1st D.'], ['New York State Assembly', 'start time', '1864'], ['New York State Assembly', 'end time', '1865']]\nRelations: ['location', 'member', 'start time', 'end time']\nAnswer:\nlocation: The subject entity is located in the place specified by the object entity.\nmember: The subject entity has the person or entity specified by the object entity as a member.\nstart time: The subject entity started at the time specified by the object entity.\nend time: The subject entity ended at the time specified by the object entity."", ""nationality"": ""Text: David Ferrer Ern (born 2 April 1982) is a Spanish former professional tennis player.\nTriples: [['David Ferrer Ern', 'date of birth', '2 April 1982'], ['David Ferrer Ern', 'nationality', 'Spanish'], ['David Ferrer Ern', 'sport', 'tennis player']]\nRelations: ['date of birth', 'nationality', 'sport']\nAnswer:\ndate of birth: The subject entity was born on the date specified by the object entity.\nnationality: The subject entity has the nationality specified by the object entity.\nsport: The subject entity is associated with the sport specified by the object entity."", ""mission"": ""Text: STS-135 was the 135th and final mission of the Space Shuttle program.\nTriples: [['STS-135', 'series', 'Space Shuttle program'], ['STS-135', 'order number', '135th']]\nRelations: ['series', 'order number']\nAnswer:\nseries: The subject entity is a part of the series specified by the object entity.\norder number: The subject entity has the order number specified by the object entity."", ""dateOfBirth"": ""Text: John Franklin Candy (October 31, 1950 \u2013 March 4, 1994) was a Canadian actor and comedian.\nTriples: [['John Candy', 'date of birth', 'October 31, 1950'], ['John Candy', 'date of death', 'March 4, 1994'], ['John Candy', 'occupation', 'comedian'], ['John Candy', 'country of citizenship', 'Canada']]\nRelations: ['date of birth', 'date of death', 'occupation', 'country of citizenship']\nAnswer:\ndate of birth: The subject entity was born on the date specified by the object entity.\ndate of death: The subject entity died on the date specified by the object entity.\noccupation: The subject entity has the occupation specified by the object entity.\ncountry of citizenship: The subject entity has citizenship in the country specified by the object entity.""}","[[""Nie_Haisheng"", ""birthDate"", ""October 13, 1964""], [""Nie_Haisheng"", ""nationality"", ""People\u2019s_Republic_of_China""], [""Nie_Haisheng"", ""occupation"", ""fighter_pilot""], [""Nie_Haisheng"", ""mission"", ""Shenzhou_10_mission""], [""Nie_Haisheng"", ""mission"", ""Shenzhou_6_mission""]]",False
27,"Bionico is a food found in Mexico, in the region Jalisco. It is served as a dessert in the country, where the local currency is the peso.","[[""Bionico"", ""country"", ""Mexico""], [""Bionico"", ""location"", ""Jalisco""], [""Bionico"", ""type"", ""Dessert""], [""Mexico"", ""currency"", ""Peso""]]","[""country"", ""location"", ""type"", ""currency""]","[""The subject entity is located in the country specified by the object entity."", ""The subject entity is located in the place specified by the object entity."", ""The subject entity is classified or categorized as the type specified by the object entity."", ""The subject entity uses the object entity as its official form of monetary exchange.""]","[[""Mexico"", ""currency"", ""Mexican_peso""], [""Bionico"", ""course"", ""Dessert""], [""Bionico"", ""region"", ""Jalisco""], [""Bionico"", ""country"", ""Mexico""]]",,"[[""Bionico"", ""cuisine"", ""Mexico""], [""Bionico"", ""location"", ""Jalisco""], [""Bionico"", ""type"", ""Dessert""], [""Mexico"", ""currency"", ""Peso""]]","{""currency"": ""Text: The currency of the Isle of Man is the pound sterling, in common with the United Kingdom, and the Manx pound, which is pegged to the pound sterling.\nTriples: [['Isle of Man', 'currency', 'pound sterling'], ['Isle of Man', 'currency', 'Manx pound']]\nRelations: ['currency']\nAnswer:\ncurrency: The subject entity uses the currency specified by the object entity."", ""location"": ""Text: The first store opened in 1986 in the city of Torrance, California.\nTriples: [['first store', 'opening year', '1986'], ['first store', 'location', 'Torrance']]\nRelations: ['opening year', 'location']\nAnswer:\nopening year: The subject entity was opened in the year specified by the object entity.\nlocation: The subject entity is located in the place specified by the object entity."", ""type"": ""Text: The English Wikipedia is the English-language edition of the free online encyclopedia Wikipedia.\nTriples: [['English Wikipedia', 'language of work or name', 'English'], ['English Wikipedia', 'instance of', 'Wikipedia']]\nRelations: ['language of work or name', 'instance of']\nAnswer:\nlanguage of work or name: The subject entity uses the language specified by the object entity.\ninstance of: The subject entity is an instance or example of the type specified by the object entity."", ""cuisine"": ""Text: The cuisine of Devon has influenced, and been influenced by, other British cuisine.\nTriples: [['cuisine of Devon', 'country', 'British']]\nRelations: ['country']\nAnswer:\ncountry: The subject entity is associated with the country specified by the object entity.""}","[[""Bionico"", ""country"", ""Mexico""], [""Bionico"", ""location"", ""Jalisco""], [""Bionico"", ""type"", ""Dessert""], [""Mexico"", ""currency"", ""Peso""]]",False
28,GMA New Media is located in the GMA Network Center in the Philippines. Their main product is online games but they also produce web services.,"[[""GMA_New_Media"", ""location"", ""GMA_Network_Center""], [""GMA_Network_Center"", ""country"", ""Philippines""], [""GMA_New_Media"", ""product"", ""Online_games""], [""GMA_New_Media"", ""product"", ""Web_services""]]","[""location"", ""country"", ""product"", ""product""]","[""The subject entity is located in the place specified by the object entity."", ""The subject entity is located in the country specified by the object entity."", ""The subject entity produces or manufactures the object entity."", ""The subject entity produces or manufactures the object entity.""]","[[""GMA_New_Media"", ""location"", ""GMA_Network_Center""], [""GMA_New_Media"", ""product"", ""Online_Game""], [""GMA_New_Media"", ""location"", ""Philippines""], [""GMA_New_Media"", ""product"", ""World_Wide_Web""]]",,"[[""GMA_New_Media"", ""location"", ""GMA_Network_Center""], [""GMA_Network_Center"", ""country"", ""Philippines""], [""GMA_New_Media"", ""mainProduct"", ""Online_games""], [""GMA_New_Media"", ""product"", ""Web_services""]]","{""country"": ""Text: The first season of the American television series Designated Survivor premiered on September 21, 2016, and concluded on May 17, 2017 in the United States.\nTriples: [['Designated Survivor', 'country of origin', 'United States'], ['Designated Survivor', 'original language of film or TV show', 'English'], ['Designated Survivor', 'number of seasons', '1'], ['Designated Survivor', 'start time', 'September 21, 2016']]\nRelations: ['country of origin', 'original language of film or TV show', 'number of seasons', 'start time']\nAnswer:\ncountry of origin: The subject entity originates from the country specified by the object entity."", ""product"": ""Text: The company's product line includes a variety of items, such as the popular Widget X and the more specialized Gadget Y.\nTriples: [['company', 'product', 'Widget X'], ['company', 'product', 'Gadget Y']]\nRelations: ['product']\nAnswer:\nproduct: The subject entity produces or offers the product specified by the object entity."", ""mainProduct"": ""Text: The main product of the company is the XYZ-123 device, a high-performance gadget designed for professional use.\nTriples: [['company', 'mainProduct', 'XYZ-123 device']]\nRelations: ['mainProduct']\nAnswer:\nmainProduct: The subject entity's primary or most important product is the object entity."", ""location"": ""Text: The first store opened in 1986 in the city of Torrance, California.\nTriples: [['first store', 'opening year', '1986'], ['first store', 'location', 'Torrance']]\nRelations: ['opening year', 'location']\nAnswer:\nopening year: The subject entity was opened in the year specified by the object entity.\nlocation: The subject entity is located in the place specified by the object entity.""}","[[""GMA_New_Media"", ""location"", ""GMA_Network_Center""], [""GMA_Network_Center"", ""country"", ""Philippines""], [""GMA_New_Media"", ""product"", ""Online_games""], [""GMA_New_Media"", ""product"", ""Web_services""]]",False
29,"Abraham A. Ribicoff was born in New Britain, Connecticut and was a US citizen. He was married to Ruth Ribicoff and was in office at the same time as the presidency of John F. Kennedy. He died in the United States.","[[""Abraham_A._Ribicoff"", ""birthPlace"", ""New_Britain,_Connecticut""], [""Abraham_A._Ribicoff"", ""nationality"", ""US_citizen""], [""Abraham_A._Ribicoff"", ""spouse"", ""Ruth_Ribicoff""], [""Abraham_A._Ribicoff"", ""inOfficeWhilePresident"", ""Presidency_of_John_F._Kennedy""]]","[""birthPlace"", ""nationality"", ""spouse"", ""inOfficeWhilePresident""]","[""The subject entity was born in the location specified by the object entity."", ""The subject entity holds the nationality specified by the object entity."", ""The subject entity is married to the person specified by the object entity."", ""The subject entity held office during the presidency of the person specified by the object entity.""]","[[""Abraham_A._Ribicoff"", ""spouse"", ""\""Ruth Ribicoff\""""], [""Abraham_A._Ribicoff"", ""inOfficeWhilePresident"", ""John_F._Kennedy""], [""Abraham_A._Ribicoff"", ""nationality"", ""American""], [""Abraham_A._Ribicoff"", ""deathPlace"", ""United_States""], [""Abraham_A._Ribicoff"", ""birthPlace"", ""New_Britain,_Connecticut""]]",,"[[""Abraham_A._Ribicoff"", ""bornIn"", ""New_Britain,_Connecticut""], [""Abraham_A._Ribicoff"", ""nationality"", ""US_citizen""], [""Abraham_A._Ribicoff"", ""spouse"", ""Ruth_Ribicoff""], [""Abraham_A._Ribicoff"", ""wasInOfficeDuring"", ""Presidency_of_John_F._Kennedy""], [""Abraham_A._Ribicoff"", ""diedIn"", ""United_States""]]","{""wasInOfficeDuring"": ""Text: John Nance Garner III (November 22, 1868 \u2013 November 7, 1967) was an American politician and lawyer who served as the 32nd vice president of the United States from 1933 to 1941.\nTriples: [['John Nance Garner III', 'date of birth', 'November 22, 1868'], ['John Nance Garner III', 'date of death', 'November 7, 1967'], ['John Nance Garner III', 'position held', '32nd vice president of the United States'], ['John Nance Garner III', 'wasInOfficeDuring', '1933']]\nRelations: ['date of birth', 'date of death', 'position held', 'wasInOfficeDuring']\nAnswer:\ndate of birth: The subject entity was born on the date specified by the object entity.\ndate of death: The subject entity died on the date specified by the object entity.\nposition held: The subject entity held the position specified by the object entity.\nwasInOfficeDuring: The subject entity was in office during the time specified by the object entity."", ""diedIn"": ""Text: John Le Mesurier (born John Elton Le Mesurier De Burgh Bentley; 5 April 1912 \u2013 15 November 1983) was an English actor.\nTriples: [['John Le Mesurier', 'date of birth', '5 April 1912'], ['John Le Mesurier', 'date of death', '15 November 1983'], ['John Le Mesurier', 'occupation', 'actor'], ['John Le Mesurier', 'country of citizenship', 'England']]\nRelations: ['date of birth', 'date of death', 'occupation', 'country of citizenship']\nAnswer:\ndate of birth: The subject entity was born on the date specified by the object entity.\ndate of death: The subject entity died on the date specified by the object entity.\noccupation: The subject entity has the occupation specified by the object entity.\ncountry of citizenship: The subject entity has citizenship in the country specified by the object entity."", ""nationality"": ""Text: David Ferrer Ern (born 2 April 1982) is a Spanish former professional tennis player.\nTriples: [['David Ferrer Ern', 'date of birth', '2 April 1982'], ['David Ferrer Ern', 'nationality', 'Spanish'], ['David Ferrer Ern', 'sport', 'tennis player']]\nRelations: ['date of birth', 'nationality', 'sport']\nAnswer:\ndate of birth: The subject entity was born on the date specified by the object entity.\nnationality: The subject entity has the nationality specified by the object entity.\nsport: The subject entity is associated with the sport specified by the object entity."", ""bornIn"": ""Text: John Franklin Candy (October 31, 1950 \u2013 March 4, 1994) was a Canadian actor and comedian, known mainly for his work in Hollywood films. Candy was born in Newmarket, Ontario.\nTriples: [['John Franklin Candy', 'date of birth', 'October 31, 1950'], ['John Franklin Candy', 'date of death', 'March 4, 1994'], ['John Franklin Candy', 'occupation', 'actor'], ['John Franklin Candy', 'bornIn', 'Newmarket, Ontario']]\nRelations: ['date of birth', 'date of death', 'occupation', 'bornIn']\nAnswer:\ndate of birth: The subject entity was born on the date specified by the object entity.\ndate of death: The subject entity died on the date specified by the object entity.\noccupation: The subject entity has the occupation specified by the object entity.\nbornIn: The subject entity was born in the location specified by the object entity."", ""spouse"": ""Text: He married his first wife, actress Susan Hampshire, on 13 December 1967; they divorced in 1981.\nTriples: [['Susan Hampshire', 'spouse', '13 December 1967']]\nRelations: ['spouse']\nAnswer:\nspouse: The subject entity is married to the object entity.""}","[[""Abraham_A._Ribicoff"", ""birthPlace"", ""New_Britain,_Connecticut""], [""Abraham_A._Ribicoff"", ""nationality"", ""US_citizen""], [""Abraham_A._Ribicoff"", ""spouse"", ""Ruth_Ribicoff""], [""Abraham_A._Ribicoff"", ""inOfficeWhilePresident"", ""Presidency_of_John_F._Kennedy""], null]",False
30,"Hypermarcas, founded on January 1, 2001, is located in Brazil. Hypermarcas is a type of S.A, and is managed by their CEO.","[[""Hypermarcas"", ""location"", ""Brazil""], [""Hypermarcas"", ""foundingDate"", ""2001-01-01""], [""Hypermarcas"", ""type"", ""S.A""], [""Hypermarcas"", ""affiliation"", ""CEO""]]","[""location"", ""foundingDate"", ""type"", ""affiliation""]","[""The subject entity is located in the place specified by the object entity."", ""The subject entity was established or founded on the date specified by the object entity."", ""The subject entity is classified or categorized as the type specified by the object entity."", ""The subject entity is affiliated or associated with the object entity.""]","[[""Hypermarcas"", ""location"", ""Brazil""], [""Hypermarcas"", ""keyPerson"", ""CEO""], [""Hypermarcas"", ""foundingDate"", ""2001-01-01""], [""Hypermarcas"", ""type"", ""S.A._(corporation)""]]",,"[[""Hypermarcas"", ""location"", ""Brazil""], [""Hypermarcas"", ""foundingDate"", ""2001-01-01""], [""Hypermarcas"", ""type"", ""S.A""], [""Hypermarcas"", ""manager"", ""CEO""]]","{""type"": ""Text: The English Wikipedia is the English-language edition of the free online encyclopedia Wikipedia.\nTriples: [['English Wikipedia', 'language of work or name', 'English'], ['English Wikipedia', 'instance of', 'Wikipedia']]\nRelations: ['language of work or name', 'instance of']\nAnswer:\nlanguage of work or name: The subject entity uses the language specified by the object entity.\ninstance of: The subject entity is an instance or example of the type specified by the object entity."", ""foundingDate"": ""Text: The company was founded in 1998 and is headquartered in San Jose, California.\nTriples: [['company', 'foundingDate', '1998'], ['company', 'headquarters location', 'San Jose, California']]\nRelations: ['foundingDate', 'headquarters location']\nAnswer:\nfoundingDate: The subject entity was founded on the date specified by the object entity.\nheadquarters location: The subject entity has its headquarters located in the place specified by the object entity."", ""manager"": ""Text: He was also the manager of the 1924 and 1928 Olympic football teams.\nTriples: [['Olympic football teams', 'sport', 'football'], ['Olympic football teams', 'manager', 'him'], ['1924', 'followed by', '1928']]\nRelations: ['sport', 'manager', 'followed by']\nAnswer:\nsport: The subject entity is associated with the sport specified by the object entity.\nmanager: The subject entity is managed by the person specified by the object entity.\nfollowed by: The subject entity is followed by the object entity in a sequence or series."", ""location"": ""Text: The first store opened in 1986 in the city of Torrance, California.\nTriples: [['first store', 'opening year', '1986'], ['first store', 'location', 'Torrance']]\nRelations: ['opening year', 'location']\nAnswer:\nopening year: The subject entity was opened in the year specified by the object entity.\nlocation: The subject entity is located in the place specified by the object entity.""}","[[""Hypermarcas"", ""location"", ""Brazil""], [""Hypermarcas"", ""foundingDate"", ""2001-01-01""], [""Hypermarcas"", ""type"", ""S.A""], [""Hypermarcas"", ""affiliation"", ""CEO""]]",False
31,Aleksandr Prudnikov was born on the 24th February 1989.He is a member of the youth side of FC Spartak Moscow and is the FC Terek Grozny club.,"[[""Aleksandr_Prudnikov"", ""birthDate"", ""1989-02-24""], [""Aleksandr_Prudnikov"", ""club"", ""FC_Terek_Grozny""]]","[""birthDate"", ""club""]","[""The subject entity was born on the date specified by the object entity."", ""The subject entity was previously associated with or played for the object entity.""]","[[""Aleksandr_Prudnikov"", ""birthDate"", ""1989-02-24""], [""Aleksandr_Prudnikov"", ""youthclub"", ""FC_Spartak_Moscow""], [""Aleksandr_Prudnikov"", ""club"", ""FC_Terek_Grozny""]]",,"[[""Aleksandr_Prudnikov"", ""dateOfBirth"", ""1989-02-24""], [""Aleksandr_Prudnikov"", ""memberOf"", ""FC_Spartak_Moscow""], [""Aleksandr_Prudnikov"", ""club"", ""FC_Terek_Grozny""]]","{""memberOf"": ""Text: The 1992 Winter Olympics was the first of three consecutive Olympics to be held in a different year from the Summer Olympics. Albertville, France, was chosen as the host city in October 1986, beating bids from Anchorage, Alaska; Berchtesgaden, Germany; Cortina d'Ampezzo, Italy; Falun, Sweden; and Sofia, Bulgaria.\nTriples: [['1992 Winter Olympics', 'followed by', 'Summer Olympics'], ['Albertville', 'country', 'France'], ['Albertville', 'host city', '1992 Winter Olympics'], ['Anchorage', 'memberOf', 'Alaska']]\nRelations: ['followed by', 'country', 'host city', 'memberOf']\nAnswer:\nfollowed by: The subject entity was followed by the event specified by the object entity.\ncountry: The subject entity is located in the country specified by the object entity.\nhost city: The subject entity was the host city for the event specified by the object entity.\nmemberOf: The subject entity is a member of the group or organization specified by the object entity."", ""dateOfBirth"": ""Text: John Franklin Candy (October 31, 1950 \u2013 March 4, 1994) was a Canadian actor and comedian.\nTriples: [['John Candy', 'date of birth', 'October 31, 1950'], ['John Candy', 'date of death', 'March 4, 1994'], ['John Candy', 'occupation', 'comedian'], ['John Candy', 'country of citizenship', 'Canada']]\nRelations: ['date of birth', 'date of death', 'occupation', 'country of citizenship']\nAnswer:\ndate of birth: The subject entity was born on the date specified by the object entity.\ndate of death: The subject entity died on the date specified by the object entity.\noccupation: The subject entity has the occupation specified by the object entity.\ncountry of citizenship: The subject entity has citizenship in the country specified by the object entity."", ""club"": ""Text: He played club football for FC Barcelona, and managed the club on two separate occasions.\nTriples: [['FC Barcelona', 'sport', 'football'], ['FC Barcelona', 'position played on team / speciality', 'club']]\nRelations: ['sport', 'position played on team / speciality']\nAnswer:\nsport: The subject entity is associated with the sport specified by the object entity.\nposition played on team / speciality: The subject entity plays the specified position or has the specified speciality on the team.""}","[[""Aleksandr_Prudnikov"", ""birthDate"", ""1989-02-24""], null, [""Aleksandr_Prudnikov"", ""club"", ""FC_Terek_Grozny""]]",False
32,"Ciudad Ayala is a city, in Mexico. Its population in the metropolitan area is 1777539 and the population density is 1604. The goverment type is council-manager and its leader title is city manager.","[[""Ciudad_Ayala"", ""type"", ""City""], [""Ciudad_Ayala"", ""country"", ""Mexico""], [""Ciudad_Ayala"", ""populationMetro"", ""1777539""], [""Ciudad_Ayala"", ""governmentType"", ""Council-manager""]]","[""type"", ""country"", ""populationMetro"", ""governmentType""]","[""The subject entity is classified or categorized as the type specified by the object entity."", ""The subject entity is located in the country specified by the object entity."", ""The subject entity has a metropolitan population as specified by the object entity."", ""The subject entity operates under the form of government specified by the object entity.""]","[[""Ciudad_Ayala"", ""populationMetro"", ""1777539""], [""Ciudad_Ayala"", ""leaderTitle"", ""\""City Manager\""""], [""Ciudad_Ayala"", ""type"", ""City""], [""Ciudad_Ayala"", ""populationDensity"", ""1604.0""], [""Ciudad_Ayala"", ""governmentType"", ""Council-manager_government""], [""Ciudad_Ayala"", ""country"", ""Mexico""]]",,"[[""Ciudad_Ayala"", ""type"", ""City""], [""Ciudad_Ayala"", ""country"", ""Mexico""], [""Ciudad_Ayala"", ""populationMetro"", ""1777539""], [""Ciudad_Ayala"", ""populationDensity"", ""1604""], [""Ciudad_Ayala"", ""governmentType"", ""Council-manager""], [""Ciudad_Ayala"", ""leaderTitle"", ""City_manager""]]","{""populationDensity"": ""Text: It has a population of 1,034 and a population density of 1,310/km\u00b2.\nTriples: [['It', 'population', '1,034'], ['It', 'populationDensity', '1,310/km\u00b2']]\nRelations: ['population', 'populationDensity']\nAnswer:\npopulation: The subject entity has a population size specified by the object entity.\npopulationDensity: The subject entity has a population density specified by the object entity."", ""type"": ""Text: The English Wikipedia is the English-language edition of the free online encyclopedia Wikipedia.\nTriples: [['English Wikipedia', 'language of work or name', 'English'], ['English Wikipedia', 'instance of', 'Wikipedia']]\nRelations: ['language of work or name', 'instance of']\nAnswer:\nlanguage of work or name: The subject entity uses the language specified by the object entity.\ninstance of: The subject entity is an instance or example of the type specified by the object entity."", ""country"": ""Text: The first season of the American television series Designated Survivor premiered on September 21, 2016, and concluded on May 17, 2017 in the United States.\nTriples: [['Designated Survivor', 'country of origin', 'United States'], ['Designated Survivor', 'original language of film or TV show', 'English'], ['Designated Survivor', 'number of seasons', '1'], ['Designated Survivor', 'start time', 'September 21, 2016']]\nRelations: ['country of origin', 'original language of film or TV show', 'number of seasons', 'start time']\nAnswer:\ncountry of origin: The subject entity originates from the country specified by the object entity."", ""populationMetro"": ""Text: The population of the city proper was 1,320,718 in 2020, while the population of the Metro Vancouver metropolitan area was 2,642,825 in 2021.\nTriples: [['Vancouver', 'population', '1,320,718'], ['Metro Vancouver', 'populationMetro', '2,642,825']]\nRelations: ['populationMetro']\nAnswer:\npopulationMetro: The subject entity has a metropolitan population size specified by the object entity."", ""leaderTitle"": ""Text: John Eligon is an American journalist who is currently the race/culture writer for The New York Times.\nTriples: [['John Eligon', 'occupation', 'journalist'], ['John Eligon', 'employer', 'The New York Times'], ['John Eligon', 'leaderTitle', 'writer for The New York Times'], ['American', 'occupation', 'journalist']]\nRelations: ['occupation', 'employer', 'leaderTitle']\nAnswer:\noccupation: The subject entity has the occupation specified by the object entity.\nemployer: The subject entity is employed by the object entity.\nleaderTitle: The subject entity has the title specified by the object entity."", ""governmentType"": ""Text: The Principality of Catalonia (Latin: Principatus Cathaloniae, Catalan: Principat de Catalunya, Occitan: Principat de Catalonha, Spanish: Principado de Catalu\u00f1a) was a medieval and early modern state in Western Europe, in the northeastern Iberian Peninsula.\nTriples: [['Principality of Catalonia', 'location', 'Western Europe'], ['Principality of Catalonia', 'governmentType', 'state'], ['Principality of Catalonia', 'location', 'Iberian Peninsula']]\nRelations: ['location', 'governmentType']\nAnswer:\nlocation: The subject entity is located in the place specified by the object entity.\ngovernmentType: The subject entity has the government type specified by the object entity.""}","[[""Ciudad_Ayala"", ""type"", ""City""], [""Ciudad_Ayala"", ""country"", ""Mexico""], [""Ciudad_Ayala"", ""populationMetro"", ""1777539""], null, [""Ciudad_Ayala"", ""governmentType"", ""Council-manager""], null]",False
33,"Bananaman, first aired on 3rd October 1983, is broadcasted by STV.","[[""Bananaman"", ""firstAired"", ""1983-10-03""], [""Bananaman"", ""broadcastedBy"", ""STV""]]","[""firstAired"", ""broadcastedBy""]","[""The subject entity is first aired on the date specified by the object entity."", ""The subject entity is broadcasted or aired by the object entity.""]","[[""Bananaman"", ""broadcastedBy"", ""\""STV\""""], [""Bananaman"", ""firstAired"", ""\""1983-10-03\""""]]",,"[[""Bananaman"", ""firstAired"", ""1983-10-03""], [""Bananaman"", ""broadcaster"", ""STV""]]","{""firstAired"": ""Text: The first episode of the series aired on September 24, 2018, on CBS.\nTriples: [['series', 'firstAired', 'September 24, 2018'], ['series', 'network', 'CBS']]\nRelations: ['firstAired', 'network']\nAnswer:\nfirstAired: The subject entity first aired on the date specified by the object entity.\nnetwork: The subject entity is broadcast on the network specified by the object entity."", ""broadcaster"": ""Text: The series was broadcast on YTV in the United Kingdom, Teletoon in Canada and Nickelodeon in the United States.\nTriples: [['series', 'broadcaster', 'YTV'], ['series', 'country of origin', 'United Kingdom'], ['series', 'broadcaster', 'Teletoon'], ['series', 'country of origin', 'Canada']]\nRelations: ['broadcaster', 'country of origin']\nAnswer:\nbroadcaster: The subject entity is broadcast on the channel or network specified by the object entity.\ncountry of origin: The subject entity originates from the country specified by the object entity.""}","[[""Bananaman"", ""firstAired"", ""1983-10-03""], [""Bananaman"", ""broadcastedBy"", ""STV""]]",False
34,"1147 Stavropolis asteroid was discovered by Grigory Neujmin on the 11 of June 1929. It has a rotation period of 20378.5, the orbital period is 1249.6 days, its apoapsis is 418476000000.0, has a rotation period of 20378.5 and the absolute magnitude is 11.5.",[],[],[],"[[""1147_Stavropolis"", ""apoapsis"", ""418476000000.0""], [""1147_Stavropolis"", ""orbitalPeriod"", ""1249.6""], [""1147_Stavropolis"", ""discoverer"", ""Grigory_Neujmin""], [""1147_Stavropolis"", ""absoluteMagnitude"", ""11.5""], [""1147_Stavropolis"", ""discovered"", ""1929-06-11""], [""1147_Stavropolis"", ""rotationPeriod"", ""20378.5""]]",,"[[""1147_Stavropolis"", ""discoverer"", ""Grigory_Neujmin""], [""1147_Stavropolis"", ""discoveryDate"", ""1929-06-11""], [""1147_Stavropolis"", ""rotationPeriod"", ""20378.5""], [""1147_Stavropolis"", ""orbitalPeriod"", ""1249.6 days""], [""1147_Stavropolis"", ""apoapsis"", ""418476000000.0""], [""1147_Stavropolis"", ""absoluteMagnitude"", ""11.5""]]","{""discoverer"": ""Text: The asteroid was discovered on 24 September 1960, by Cornelis Johannes van Houten and Ingrid van Houten-Groeneveld at Leiden, on photographic plates taken by Tom Gehrels at the Palomar Observatory.\nTriples: [['asteroid', 'discovery date', '24 September 1960'], ['asteroid', 'discoverer', 'Cornelis Johannes van Houten'], ['asteroid', 'discoverer', 'Ingrid van Houten-Groeneveld'], ['asteroid', 'discoverer', 'Tom Gehrels']]\nRelations: ['discovery date', 'discoverer']\nAnswer:\ndiscovery date: The subject entity was discovered on the date specified by the object entity.\ndiscoverer: The subject entity was discovered by the person or entity specified by the object entity."", ""absoluteMagnitude"": ""Text: The absolute magnitude of a star is a measure of its intrinsic luminosity, defined as the apparent magnitude of a star if it were observed from a distance of exactly 10 parsecs (32.6 light-years) away from the observer.\nTriples: [['star', 'absoluteMagnitude', 'luminosity'], ['star', 'field of work', 'observer']]\nRelations: ['absoluteMagnitude', 'field of work']\nAnswer:\nabsoluteMagnitude: The subject entity has an absolute magnitude that is equivalent to the object entity.\nfield of work: The subject entity is related to the field of work specified by the object entity."", ""apoapsis"": ""Text: Its orbit had an apoapsis of 1.0166786 AU and a periapsis of 0.9833214 AU.\nTriples: [['orbit', 'apoapsis', '1.0166786 AU']]\nRelations: ['apoapsis']\nAnswer:\napoapsis: The object entity specifies the apoapsis of the subject entity's orbit."", ""orbitalPeriod"": ""Text: Kepler-16b (formally known as Kepler-16(AB)b) is an extrasolar planet, of the circumbinary type, orbiting the binary star system Kepler-16, located in the constellation Cygnus. It was discovered by the Kepler space telescope in 2011. It has a mass similar to that of Saturn and is composed of half gas and half rock. It orbits its parent stars every 229 days.\nTriples: [['Kepler-16b', 'discoverer', 'Kepler space telescope'], ['Kepler-16b', 'orbital period', '229 days'], ['Kepler-16b', 'star system', 'Kepler-16'], ['Kepler-16b', 'constellation', 'Cygnus']]\nRelations: ['discoverer', 'orbital period', 'star system', 'constellation']\nAnswer:\ndiscoverer: The subject entity was discovered by the entity specified by the object entity.\norbital period: The subject entity has an orbital period of time specified by the object entity.\nstar system: The subject entity is a part of the star system specified by the object entity.\nconstellation: The subject entity is located in the constellation specified by the object entity."", ""rotationPeriod"": ""Text: Kepler-16b (formally known as Kepler-16(AB)b) is an extrasolar planet, of the circumbinary type, orbiting the binary star system Kepler-16, located in the constellation Cygnus. It was discovered by NASA's Kepler spacecraft and announced in 2011. It has a mass of 0.33 Jupiter masses and a radius of 0.7538 Jupiter radii. Kepler-16b takes 228.8 days to orbit its parent star, Kepler-16. Its rotation period is currently unknown, but models suggest it is tidally locked.\nTriples: [['Kepler-16b', 'star system', 'Kepler-16'], ['Kepler-16b', 'orbital period', '228.8 days']]\nRelations: ['star system', 'orbital period', 'rotationPeriod']\nAnswer:\nstar system: The subject entity is a planet in the star system specified by the object entity.\norbital period: The subject entity has an orbital period of the time specified by the object entity.\nrotationPeriod: The time taken by the subject to complete one rotation is specified by the object."", ""discoveryDate"": ""Text: The asteroid was discovered on March 2, 1930 by Karl Reinmuth at Heidelberg.\nTriples: [['asteroid', 'discovery date', 'March 2, 1930'], ['Karl Reinmuth', 'location', 'Heidelberg']]\nRelations: ['discovery date', 'location']\nAnswer:\ndiscovery date: The subject entity was discovered on the date specified by the object entity.\nlocation: The subject entity is located in the place specified by the object entity.""}","[null, null, null, null, null, null]",True
35,Alan Shepard was an American test pilot who was born in New Hampshire in November of 1923. He died in California.,"[[""Alan_Shepard"", ""occupation"", ""Test_pilot""], [""Alan_Shepard"", ""nationality"", ""American""], [""Alan_Shepard"", ""birthPlace"", ""New_Hampshire""], [""Alan_Shepard"", ""birthDate"", ""November_1923""]]","[""occupation"", ""nationality"", ""birthPlace"", ""birthDate""]","[""The subject entity has the job or profession specified by the object entity."", ""The subject entity holds the nationality specified by the object entity."", ""The subject entity was born in the location specified by the object entity."", ""The subject entity was born on the date specified by the object entity.""]","[[""Alan_Shepard"", ""birthDate"", ""\""1923-11-18\""""], [""Alan_Shepard"", ""nationality"", ""United_States""], [""Alan_Shepard"", ""deathPlace"", ""California""], [""Alan_Shepard"", ""birthPlace"", ""New_Hampshire""], [""Alan_Shepard"", ""occupation"", ""Test_pilot""]]",,"[[""Alan_Shepard"", ""occupation"", ""Test_pilot""], [""Alan_Shepard"", ""nationality"", ""American""], [""Alan_Shepard"", ""bornIn"", ""New_Hampshire""], [""Alan_Shepard"", ""birthDate"", ""November_1923""], [""Alan_Shepard"", ""diedIn"", ""California""]]","{""occupation"": ""Text: He was a member of the New York State Assembly (New York Co., 1st D.) in 1864 and 1865.\nTriples: [['New York State Assembly', 'location', 'New York Co.'], ['New York State Assembly', 'member', '1st D.'], ['New York State Assembly', 'start time', '1864'], ['New York State Assembly', 'end time', '1865']]\nRelations: ['location', 'member', 'start time', 'end time']\nAnswer:\nlocation: The subject entity is located in the place specified by the object entity.\nmember: The subject entity has the person or entity specified by the object entity as a member.\nstart time: The subject entity started at the time specified by the object entity.\nend time: The subject entity ended at the time specified by the object entity."", ""nationality"": ""Text: David Ferrer Ern (born 2 April 1982) is a Spanish former professional tennis player.\nTriples: [['David Ferrer Ern', 'date of birth', '2 April 1982'], ['David Ferrer Ern', 'nationality', 'Spanish'], ['David Ferrer Ern', 'sport', 'tennis player']]\nRelations: ['date of birth', 'nationality', 'sport']\nAnswer:\ndate of birth: The subject entity was born on the date specified by the object entity.\nnationality: The subject entity has the nationality specified by the object entity.\nsport: The subject entity is associated with the sport specified by the object entity."", ""diedIn"": ""Text: John Le Mesurier (born John Elton Le Mesurier De Burgh Bentley; 5 April 1912 \u2013 15 November 1983) was an English actor.\nTriples: [['John Le Mesurier', 'date of birth', '5 April 1912'], ['John Le Mesurier', 'date of death', '15 November 1983'], ['John Le Mesurier', 'occupation', 'actor'], ['John Le Mesurier', 'country of citizenship', 'England']]\nRelations: ['date of birth', 'date of death', 'occupation', 'country of citizenship']\nAnswer:\ndate of birth: The subject entity was born on the date specified by the object entity.\ndate of death: The subject entity died on the date specified by the object entity.\noccupation: The subject entity has the occupation specified by the object entity.\ncountry of citizenship: The subject entity has citizenship in the country specified by the object entity."", ""bornIn"": ""Text: John Franklin Candy (October 31, 1950 \u2013 March 4, 1994) was a Canadian actor and comedian, known mainly for his work in Hollywood films. Candy was born in Newmarket, Ontario.\nTriples: [['John Franklin Candy', 'date of birth', 'October 31, 1950'], ['John Franklin Candy', 'date of death', 'March 4, 1994'], ['John Franklin Candy', 'occupation', 'actor'], ['John Franklin Candy', 'bornIn', 'Newmarket, Ontario']]\nRelations: ['date of birth', 'date of death', 'occupation', 'bornIn']\nAnswer:\ndate of birth: The subject entity was born on the date specified by the object entity.\ndate of death: The subject entity died on the date specified by the object entity.\noccupation: The subject entity has the occupation specified by the object entity.\nbornIn: The subject entity was born in the location specified by the object entity."", ""birthDate"": ""Text: John Adams (October 30, 1735 \u2013 July 4, 1826) was an American statesman, attorney, diplomat, writer, and Founding Father who served as the 2nd president of the United States from 1797 to 1801.\nTriples: [['John Adams', 'date of birth', 'October 30, 1735'], ['John Adams', 'date of death', 'July 4, 1826'], ['John Adams', 'occupation', 'attorney'], ['John Adams', 'position held', '2nd president of the United States']]\nRelations: ['date of birth', 'date of death', 'occupation', 'position held']\nAnswer:\ndate of birth: The subject entity was born on the date specified by the object entity.\ndate of death: The subject entity died on the date specified by the object entity.\noccupation: The subject entity has the occupation specified by the object entity.\nposition held: The subject entity held the position specified by the object entity.""}","[[""Alan_Shepard"", ""occupation"", ""Test_pilot""], [""Alan_Shepard"", ""nationality"", ""American""], [""Alan_Shepard"", ""birthPlace"", ""New_Hampshire""], [""Alan_Shepard"", ""birthDate"", ""November_1923""], null]",False
36,"Liselotte Grschebina's nationality is Israeli, and she died on June 14, 1994 in Israel.","[[""Liselotte_Grschebina"", ""nationality"", ""Israeli""]]","[""nationality""]","[""The subject entity holds the nationality specified by the object entity.""]","[[""Liselotte_Grschebina"", ""deathDate"", ""1994-06-14""], [""Liselotte_Grschebina"", ""deathPlace"", ""Israel""], [""Liselotte_Grschebina"", ""nationality"", ""Israel""]]",,"[[""Liselotte_Grschebina"", ""nationality"", ""Israeli""], [""Liselotte_Grschebina"", ""diedOn"", ""1994-06-14""], [""Liselotte_Grschebina"", ""diedIn"", ""Israel""]]","{""nationality"": ""Text: David Ferrer Ern (born 2 April 1982) is a Spanish former professional tennis player.\nTriples: [['David Ferrer Ern', 'date of birth', '2 April 1982'], ['David Ferrer Ern', 'nationality', 'Spanish'], ['David Ferrer Ern', 'sport', 'tennis player']]\nRelations: ['date of birth', 'nationality', 'sport']\nAnswer:\ndate of birth: The subject entity was born on the date specified by the object entity.\nnationality: The subject entity has the nationality specified by the object entity.\nsport: The subject entity is associated with the sport specified by the object entity."", ""diedOn"": ""Text: John Le Mesurier (born John Elton Le Mesurier De Burgh Bentley; 5 April 1912 \u2013 15 November 1983) was an English actor.\nTriples: [['John Le Mesurier', 'date of birth', '5 April 1912'], ['John Le Mesurier', 'date of death', '15 November 1983'], ['John Le Mesurier', 'occupation', 'actor'], ['John Le Mesurier', 'place of birth', 'England']]\nRelations: ['date of birth', 'date of death', 'occupation', 'place of birth']\nAnswer:\ndate of birth: The subject entity was born on the date specified by the object entity.\ndate of death: The subject entity died on the date specified by the object entity.\noccupation: The subject entity has the occupation specified by the object entity.\nplace of birth: The subject entity was born in the location specified by the object entity."", ""diedIn"": ""Text: John Le Mesurier (born John Elton Le Mesurier De Burgh Bentley; 5 April 1912 \u2013 15 November 1983) was an English actor.\nTriples: [['John Le Mesurier', 'date of birth', '5 April 1912'], ['John Le Mesurier', 'date of death', '15 November 1983'], ['John Le Mesurier', 'occupation', 'actor'], ['John Le Mesurier', 'country of citizenship', 'England']]\nRelations: ['date of birth', 'date of death', 'occupation', 'country of citizenship']\nAnswer:\ndate of birth: The subject entity was born on the date specified by the object entity.\ndate of death: The subject entity died on the date specified by the object entity.\noccupation: The subject entity has the occupation specified by the object entity.\ncountry of citizenship: The subject entity has citizenship in the country specified by the object entity.""}","[[""Liselotte_Grschebina"", ""nationality"", ""Israeli""], null, null]",False
37,"Liselotte Grschebina, a professional photographer, did her studies at the School of Applied Arts in Stuttgart.","[[""Liselotte_Grschebina"", ""occupation"", ""Professional_photographer""]]","[""occupation""]","[""The subject entity has the job or profession specified by the object entity.""]","[[""Liselotte_Grschebina"", ""training"", ""School_of_Applied_Arts_in_Stuttgart""], [""Liselotte_Grschebina"", ""professionalField"", ""Photographer""]]",,"[[""Liselotte_Grschebina"", ""occupation"", ""Professional_photographer""], [""Liselotte_Grschebina"", ""educatedAt"", ""School_of_Applied_Arts_in_Stuttgart""]]","{""occupation"": ""Text: He was a member of the New York State Assembly (New York Co., 1st D.) in 1864 and 1865.\nTriples: [['New York State Assembly', 'location', 'New York Co.'], ['New York State Assembly', 'member', '1st D.'], ['New York State Assembly', 'start time', '1864'], ['New York State Assembly', 'end time', '1865']]\nRelations: ['location', 'member', 'start time', 'end time']\nAnswer:\nlocation: The subject entity is located in the place specified by the object entity.\nmember: The subject entity has the person or entity specified by the object entity as a member.\nstart time: The subject entity started at the time specified by the object entity.\nend time: The subject entity ended at the time specified by the object entity."", ""educatedAt"": ""Text: He was educated at Eton College and Trinity College, Cambridge.\nTriples: [['He', 'educatedAt', 'Eton College'], ['He', 'educatedAt', 'Trinity College, Cambridge']]\nRelations: ['educatedAt']\nAnswer:\neducatedAt: The subject entity received education at the educational institution specified by the object entity.""}","[[""Liselotte_Grschebina"", ""occupation"", ""Professional_photographer""], null]",False
38,"Ciudad Ayala, a city, is a part of Morelos and one of the leaders is the City Manager. The population of the metropolitan area of Ciudad Ayala is 1,777,539 with population density of 1604.0.","[[""Ciudad_Ayala"", ""populationMetro"", ""1777539""], [""Ciudad_Ayala"", ""type"", ""City""]]","[""populationMetro"", ""type""]","[""The subject entity has a metropolitan population as specified by the object entity."", ""The subject entity is classified or categorized as the type specified by the object entity.""]","[[""Ciudad_Ayala"", ""populationMetro"", ""1777539""], [""Ciudad_Ayala"", ""leaderTitle"", ""\""City Manager\""""], [""Ciudad_Ayala"", ""type"", ""City""], [""Ciudad_Ayala"", ""populationDensity"", ""1604.0""], [""Ciudad_Ayala"", ""isPartOf"", ""Morelos""]]",,"[[""Ciudad_Ayala"", ""populationMetro"", ""1777539""], [""Ciudad_Ayala"", ""leaderTitle"", ""\""City Manager\""""], [""Ciudad_Ayala"", ""type"", ""City""], [""Ciudad_Ayala"", ""populationDensity"", ""1604.0""], [""Ciudad_Ayala"", ""isPartOf"", ""Morelos""]]","{""populationDensity"": ""Text: It has a population of 1,034 and a population density of 1,310/km\u00b2.\nTriples: [['It', 'population', '1,034'], ['It', 'populationDensity', '1,310/km\u00b2']]\nRelations: ['population', 'populationDensity']\nAnswer:\npopulation: The subject entity has a population size specified by the object entity.\npopulationDensity: The subject entity has a population density specified by the object entity."", ""type"": ""Text: The English Wikipedia is the English-language edition of the free online encyclopedia Wikipedia.\nTriples: [['English Wikipedia', 'language of work or name', 'English'], ['English Wikipedia', 'instance of', 'Wikipedia']]\nRelations: ['language of work or name', 'instance of']\nAnswer:\nlanguage of work or name: The subject entity uses the language specified by the object entity.\ninstance of: The subject entity is an instance or example of the type specified by the object entity."", ""populationMetro"": ""Text: The population of the city proper was 1,320,718 in 2020, while the population of the Metro Vancouver metropolitan area was 2,642,825 in 2021.\nTriples: [['Vancouver', 'population', '1,320,718'], ['Metro Vancouver', 'populationMetro', '2,642,825']]\nRelations: ['populationMetro']\nAnswer:\npopulationMetro: The subject entity has a metropolitan population size specified by the object entity."", ""isPartOf"": ""Text: The district of Bellinzona is one of the eight districts of the canton of Ticino, Switzerland.\nTriples: [['Bellinzona', 'instance of', 'district of Switzerland'], ['Bellinzona', 'isPartOf', 'Ticino']]\nRelations: ['instance of', 'isPartOf']\nAnswer:\ninstance of: The subject entity is an instance or example of the type specified by the object entity.\nisPartOf: The subject entity is a part of the object entity."", ""leaderTitle"": ""Text: John Eligon is an American journalist who is currently the race/culture writer for The New York Times.\nTriples: [['John Eligon', 'occupation', 'journalist'], ['John Eligon', 'employer', 'The New York Times'], ['John Eligon', 'leaderTitle', 'writer for The New York Times'], ['American', 'occupation', 'journalist']]\nRelations: ['occupation', 'employer', 'leaderTitle']\nAnswer:\noccupation: The subject entity has the occupation specified by the object entity.\nemployer: The subject entity is employed by the object entity.\nleaderTitle: The subject entity has the title specified by the object entity.""}","[[""Ciudad_Ayala"", ""populationMetro"", ""1777539""], null, [""Ciudad_Ayala"", ""type"", ""City""], null, null]",False
39,"The Mason School of Business are the current tenants of Alan B Miller Hall, located at 101 Ukrop Way in the United States and owned by the College of William and Mary.","[[""Mason_School_of_Business"", ""currentTenants"", ""Alan_B_Miller_Hall""], [""Alan_B_Miller_Hall"", ""address"", ""\""101 Ukrop Way\""""], [""Alan_B_Miller_Hall"", ""country"", ""United_States""], [""Alan_B_Miller_Hall"", ""owner"", ""College_of_William_and_Mary""]]","[""currentTenants"", ""address"", ""country"", ""owner""]","[""The subject entity is currently occupied or used by the object entity."", ""The subject entity is located at the address specified by the object."", ""The subject entity is located in the country specified by the object entity."", ""The subject entity is owned by the object entity.""]","[[""Alan_B._Miller_Hall"", ""address"", ""\""101 Ukrop Way\""""], [""Alan_B._Miller_Hall"", ""currentTenants"", ""Mason_School_of_Business""], [""Mason_School_of_Business"", ""country"", ""United_States""], [""Alan_B._Miller_Hall"", ""owner"", ""College_of_William_&_Mary""]]",,"[[""Mason_School_of_Business"", ""currentTenants"", ""Alan_B_Miller_Hall""], [""Alan_B_Miller_Hall"", ""address"", ""\""101 Ukrop Way\""""], [""Alan_B_Miller_Hall"", ""country"", ""United_States""], [""Alan_B_Miller_Hall"", ""owner"", ""College_of_William_and_Mary""]]","{""address"": ""Text: The school is located at 123 Main Street.\nTriples: [['school', 'address', '123 Main Street']]\nRelations: ['address']\nAnswer:\naddress: The subject entity is located at the address specified by the object entity."", ""owner"": ""Text: The company is owned by Elon Musk.\nTriples: [['company', 'owner', 'Elon Musk']]\nRelations: ['owner']\nAnswer:\nowner: The subject entity is owned by the person or entity specified by the object entity."", ""country"": ""Text: The first season of the American television series Designated Survivor premiered on September 21, 2016, and concluded on May 17, 2017 in the United States.\nTriples: [['Designated Survivor', 'country of origin', 'United States'], ['Designated Survivor', 'original language of film or TV show', 'English'], ['Designated Survivor', 'number of seasons', '1'], ['Designated Survivor', 'start time', 'September 21, 2016']]\nRelations: ['country of origin', 'original language of film or TV show', 'number of seasons', 'start time']\nAnswer:\ncountry of origin: The subject entity originates from the country specified by the object entity."", ""currentTenants"": ""Text: The building's current tenants include the U.S. Attorney's Office and the Federal Bureau of Investigation (FBI).\nTriples: [['building', 'currentTenants', \""U.S. Attorney's Office\""], ['building', 'currentTenants', 'Federal Bureau of Investigation (FBI)']]\nRelations: ['currentTenants']\nAnswer:\ncurrentTenants: The subject entity is currently leased or occupied by the object entity.""}","[[""Mason_School_of_Business"", ""currentTenants"", ""Alan_B_Miller_Hall""], [""Alan_B_Miller_Hall"", ""address"", ""\""101 Ukrop Way\""""], [""Alan_B_Miller_Hall"", ""country"", ""United_States""], [""Alan_B_Miller_Hall"", ""owner"", ""College_of_William_and_Mary""]]",False
40,"In the city of Detroit in the state of Michigan, the first and last Pontiac Rageous's produced were made on the assembly line in 1997.","[[""Pontiac_Rageous"", ""location"", ""Detroit""]]","[""location""]","[""The subject entity is located in the place specified by the object entity.""]","[[""Pontiac_Rageous"", ""productionStartYear"", ""1997""], [""Pontiac_Rageous"", ""assembly"", ""Michigan""], [""Pontiac_Rageous"", ""assembly"", ""Detroit""], [""Pontiac_Rageous"", ""productionEndYear"", ""1997""], [""Detroit"", ""type"", ""City_(Michigan)""]]",,"[[""Pontiac_Rageous"", ""location"", ""Detroit""], [""Detroit"", ""isPartOf"", ""Michigan""], [""Pontiac_Rageous"", ""productionDate"", ""1997""]]","{""isPartOf"": ""Text: The district of Bellinzona is one of the eight districts of the canton of Ticino, Switzerland.\nTriples: [['Bellinzona', 'instance of', 'district of Switzerland'], ['Bellinzona', 'isPartOf', 'Ticino']]\nRelations: ['instance of', 'isPartOf']\nAnswer:\ninstance of: The subject entity is an instance or example of the type specified by the object entity.\nisPartOf: The subject entity is a part of the object entity."", ""productionDate"": ""Text: The first episode of the series was broadcast on October 11, 1982.\nTriples: [['first episode', 'productionDate', 'October 11, 1982']]\nRelations: ['productionDate']\nAnswer:\nproductionDate: The subject entity was produced or broadcasted on the date specified by the object entity."", ""location"": ""Text: The first store opened in 1986 in the city of Torrance, California.\nTriples: [['first store', 'opening year', '1986'], ['first store', 'location', 'Torrance']]\nRelations: ['opening year', 'location']\nAnswer:\nopening year: The subject entity was opened in the year specified by the object entity.\nlocation: The subject entity is located in the place specified by the object entity.""}","[[""Pontiac_Rageous"", ""location"", ""Detroit""], null, null]",False
41,"The Adolfo Suarez Madrid-Barajas airport is operated by ENAIRE and is located in Alcobendas. Its runway name is 14L/32R, and its length is 3,500. ENAIRE is in the city of Madrid.","[[""Adolfo_Suarez_Madrid-Barajas_Airport"", ""location"", ""Alcobendas""], [""Adolfo_Suarez_Madrid-Barajas_Airport"", ""runwayLength"", ""3500""], [""ENAIRE"", ""city"", ""Madrid""]]","[""location"", ""runwayLength"", ""city""]","[""The subject entity is located in the place specified by the object entity."", ""The subject entity has a runway length as specified by the object."", ""The subject entity is located in the city specified by the object entity.""]","[[""Adolfo_Su\u00e1rez_Madrid\u2013Barajas_Airport"", ""operatingOrganisation"", ""ENAIRE""], [""Adolfo_Su\u00e1rez_Madrid\u2013Barajas_Airport"", ""location"", ""Alcobendas""], [""ENAIRE"", ""city"", ""Madrid""], [""Adolfo_Su\u00e1rez_Madrid\u2013Barajas_Airport"", ""runwayLength"", ""3500.0""], [""Adolfo_Su\u00e1rez_Madrid\u2013Barajas_Airport"", ""runwayName"", ""\""14L/32R\""""]]",,"[[""Adolfo_Suarez_Madrid-Barajas_Airport"", ""operator"", ""ENAIRE""], [""Adolfo_Suarez_Madrid-Barajas_Airport"", ""location"", ""Alcobendas""], [""Adolfo_Suarez_Madrid-Barajas_Airport"", ""runwayName"", ""14L/32R""], [""Adolfo_Suarez_Madrid-Barajas_Airport"", ""length"", ""3500""], [""ENAIRE"", ""city"", ""Madrid""]]","{""length"": ""Text: The length of the main span is 1,700 m (5,577 ft).\nTriples: [['main span', 'length', '1,700 m']]\nRelations: ['length']\nAnswer:\nlength: The object entity specifies the length of the subject entity."", ""operator"": ""Text: The 1990 Tour de France was the 77th edition of Tour de France, one of cycling's Grand Tours. It took place from 30 June to 22 July, with 21 stages over 3,428 km (2,130 mi). The Tour was won by Greg LeMond of the Z team, ahead of Claudio Chiappucci and Erik Breukink.\nTriples: [['1990 Tour de France', 'edition number', '77th'], ['1990 Tour de France', 'sport', \""cycling's Grand Tours\""], ['1990 Tour de France', 'start time', '30 June'], ['1990 Tour de France', 'end time', '22 July'], ['Greg LeMond', 'operator', 'Z']]\nRelations: ['edition number', 'sport', 'start time', 'end time', 'operator']\nAnswer:\nedition number: The subject entity is the edition number specified by the object entity.\nsport: The subject entity is a part of the sport specified by the object entity.\nstart time: The subject entity started at the time specified by the object entity.\nend time: The subject entity ended at the time specified by the object entity.\noperator: The subject entity is operated by the object entity."", ""location"": ""Text: The first store opened in 1986 in the city of Torrance, California.\nTriples: [['first store', 'opening year', '1986'], ['first store', 'location', 'Torrance']]\nRelations: ['opening year', 'location']\nAnswer:\nopening year: The subject entity was opened in the year specified by the object entity.\nlocation: The subject entity is located in the place specified by the object entity."", ""runwayName"": ""Text: The airport has two runways, 18R/36L is 10,000 ft (3,048 m) long and 18L/36R is 9,000 ft (2,743 m) long.\nTriples: [['airport', 'runwayName', '18R/36L'], ['airport', 'runwayName', '18L/36R']]\nRelations: ['runwayName']\nAnswer:\nrunwayName: The subject entity has a runway with the name specified by the object entity."", ""city"": ""Text: The first season of the American television series Designated Survivor premiered on September 21, 2016, and concluded on May 17, 2017, consisting of 21 episodes. It features Kiefer Sutherland as the newly appointed President of the United States, who must work to rebuild the country after a devastating attack on the United States Capitol in Washington, D.C. that kills everyone in the presidential line of succession.\nTriples: [['Designated Survivor', 'original release date', 'September 21, 2016'], ['Designated Survivor', 'number of episodes', '21'], ['Designated Survivor', 'starring', 'Kiefer Sutherland'], ['United States Capitol', 'city', 'Washington, D.C.']]\nRelations: ['original release date', 'number of episodes', 'starring', 'city']\nAnswer:\noriginal release date: The subject entity was originally released on the date specified by the object entity.\nnumber of episodes: The subject entity has the number of episodes specified by the object entity.\nstarring: The subject entity stars the person specified by the object entity.\ncity: The subject entity is located in the city specified by the object entity.""}","[null, [""Adolfo_Suarez_Madrid-Barajas_Airport"", ""location"", ""Alcobendas""], null, [""Adolfo_Suarez_Madrid-Barajas_Airport"", ""runwayLength"", ""3500""], [""ENAIRE"", ""city"", ""Madrid""]]",False
42,"Adolfo Suarez Madrid-Barajas Airport in Alcobendas, Spain, is operated by ENAIRE. The airport's runway length is 3500 and it has an elevation of 610 metres above sea level.","[[""Adolfo_Suarez_Madrid-Barajas_Airport"", ""location"", ""Alcobendas""], [""Alcobendas"", ""country"", ""Spain""], [""Adolfo_Suarez_Madrid-Barajas_Airport"", ""runwayLength"", ""3500""], [""Adolfo_Suarez_Madrid-Barajas_Airport"", ""elevationAboveTheSeaLevel"", ""610 (metres)""]]","[""location"", ""country"", ""runwayLength"", ""elevationAboveTheSeaLevel""]","[""The subject entity is located in the place specified by the object entity."", ""The subject entity is located in the country specified by the object entity."", ""The subject entity has a runway length as specified by the object."", ""The subject entity is located at the height specified by the object entity above sea level.""]","[[""Adolfo_Su\u00e1rez_Madrid\u2013Barajas_Airport"", ""operatingOrganisation"", ""ENAIRE""], [""Adolfo_Su\u00e1rez_Madrid\u2013Barajas_Airport"", ""location"", ""Alcobendas""], [""Adolfo_Su\u00e1rez_Madrid\u2013Barajas_Airport"", ""runwayLength"", ""3500.0""], [""Adolfo_Su\u00e1rez_Madrid\u2013Barajas_Airport"", ""elevationAboveTheSeaLevel"", ""610.0""], [""Alcobendas"", ""country"", ""Spain""]]",,"[[""Adolfo_Suarez_Madrid-Barajas_Airport"", ""operator"", ""ENAIRE""], [""Adolfo_Suarez_Madrid-Barajas_Airport"", ""location"", ""Alcobendas""], [""Alcobendas"", ""country"", ""Spain""], [""Adolfo_Suarez_Madrid-Barajas_Airport"", ""runwayLength"", ""3500""], [""Adolfo_Suarez_Madrid-Barajas_Airport"", ""elevationAboveSeaLevel"", ""610 (metres)""]]","{""operator"": ""Text: The 1990 Tour de France was the 77th edition of Tour de France, one of cycling's Grand Tours. It took place from 30 June to 22 July, with 21 stages over 3,428 km (2,130 mi). The Tour was won by Greg LeMond of the Z team, ahead of Claudio Chiappucci and Erik Breukink.\nTriples: [['1990 Tour de France', 'edition number', '77th'], ['1990 Tour de France', 'sport', \""cycling's Grand Tours\""], ['1990 Tour de France', 'start time', '30 June'], ['1990 Tour de France', 'end time', '22 July'], ['Greg LeMond', 'operator', 'Z']]\nRelations: ['edition number', 'sport', 'start time', 'end time', 'operator']\nAnswer:\nedition number: The subject entity is the edition number specified by the object entity.\nsport: The subject entity is a part of the sport specified by the object entity.\nstart time: The subject entity started at the time specified by the object entity.\nend time: The subject entity ended at the time specified by the object entity.\noperator: The subject entity is operated by the object entity."", ""country"": ""Text: The first season of the American television series Designated Survivor premiered on September 21, 2016, and concluded on May 17, 2017 in the United States.\nTriples: [['Designated Survivor', 'country of origin', 'United States'], ['Designated Survivor', 'original language of film or TV show', 'English'], ['Designated Survivor', 'number of seasons', '1'], ['Designated Survivor', 'start time', 'September 21, 2016']]\nRelations: ['country of origin', 'original language of film or TV show', 'number of seasons', 'start time']\nAnswer:\ncountry of origin: The subject entity originates from the country specified by the object entity."", ""elevationAboveSeaLevel"": ""Text: Mount Everest is Earth's highest mountain above sea level, located in the Mahalangur Himal sub-range of the Himalayas.\nTriples: [['Mount Everest', 'elevationAboveSeaLevel', 'Earth']]\nRelations: ['elevationAboveSeaLevel']\nAnswer:\nelevationAboveSeaLevel: The subject entity's elevation is above the sea level of the object entity."", ""location"": ""Text: The first store opened in 1986 in the city of Torrance, California.\nTriples: [['first store', 'opening year', '1986'], ['first store', 'location', 'Torrance']]\nRelations: ['opening year', 'location']\nAnswer:\nopening year: The subject entity was opened in the year specified by the object entity.\nlocation: The subject entity is located in the place specified by the object entity."", ""runwayLength"": ""Text: The airport has one runway, 18/36, which is 7,001 feet (2,134 m) long.\nTriples: [['airport', 'runwayLength', '7,001 feet (2,134 m)']]\nRelations: ['runwayLength']\nAnswer:\nrunwayLength: The subject entity has a runway with the length specified by the object entity.""}","[null, [""Adolfo_Suarez_Madrid-Barajas_Airport"", ""location"", ""Alcobendas""], [""Alcobendas"", ""country"", ""Spain""], [""Adolfo_Suarez_Madrid-Barajas_Airport"", ""runwayLength"", ""3500""], [""Adolfo_Suarez_Madrid-Barajas_Airport"", ""elevationAboveTheSeaLevel"", ""610 (metres)""]]",False
43,Akeem Ayers made his debut for the Tennessee Titans and currently plays for the Los Angeles Rams.,[],[],[],"[[""Akeem_Ayers"", ""currentteam"", ""\""Los Angeles Rams\""""], [""Akeem_Ayers"", ""debutTeam"", ""Tennessee_Titans""]]",,"[[""Akeem_Ayers"", ""team"", ""Los_Angeles_Rams""], [""Akeem_Ayers"", ""debutTeam"", ""Tennessee_Titans""]]","{""debutTeam"": ""Text: He played college football at the University of Alabama, and was drafted by the New Orleans Saints in the second round of the 2017 NFL Draft.\nTriples: [['University of Alabama', 'sport', 'college football'], ['New Orleans Saints', 'drafted', '2017 NFL Draft']]\nRelations: ['sport', 'drafted']\nAnswer:\nsport: The subject entity is associated with the sport specified by the object entity.\ndrafted: The subject entity was drafted in the draft specified by the object entity."", ""team"": ""Text: The 1992 Winter Olympics was hosted in Albertville, France. The ice hockey competition was won by the Unified Team, who beat Canada in the final.\nTriples: [['1992 Winter Olympics', 'location', 'Albertville'], ['1992 Winter Olympics', 'country', 'France'], ['Unified Team', 'sport', 'ice hockey'], ['Unified Team', 'team', 'Canada']]\nRelations: ['location', 'country', 'sport', 'team']\nAnswer:\nlocation: The subject entity is located in the place specified by the object entity.\ncountry: The subject entity is located in the country specified by the object entity.\nsport: The subject entity is associated with the sport specified by the object entity.\nteam: The subject entity won against the team specified by the object entity.""}","[null, null]",True
44,Thurleigh is located within the country of the United Kingdom.,"[[""Thurleigh"", ""location"", ""United_Kingdom""]]","[""location""]","[""The subject entity is located in the place specified by the object entity.""]","[[""Thurleigh"", ""country"", ""United_Kingdom""]]",,"[[""Thurleigh"", ""location"", ""United_Kingdom""]]","{""location"": ""Text: The first store opened in 1986 in the city of Torrance, California.\nTriples: [['first store', 'opening year', '1986'], ['first store', 'location', 'Torrance']]\nRelations: ['opening year', 'location']\nAnswer:\nopening year: The subject entity was opened in the year specified by the object entity.\nlocation: The subject entity is located in the place specified by the object entity.""}","[[""Thurleigh"", ""location"", ""United_Kingdom""]]",False
45,"The University of Burgundy is located in France, whose leader's title is the ""President of the Senate"".","[[""University_of_Burgundy"", ""location"", ""France""]]","[""location""]","[""The subject entity is located in the place specified by the object entity.""]","[[""University_of_Burgundy"", ""country"", ""France""], [""France"", ""leaderTitle"", ""\""President of the Senate\""""]]",,"[[""University_of_Burgundy"", ""location"", ""France""], [""France"", ""leaderTitle"", ""\""President of the Senate\""""]]","{""leaderTitle"": ""Text: John Eligon is an American journalist who is currently the race/culture writer for The New York Times.\nTriples: [['John Eligon', 'occupation', 'journalist'], ['John Eligon', 'employer', 'The New York Times'], ['John Eligon', 'leaderTitle', 'writer for The New York Times'], ['American', 'occupation', 'journalist']]\nRelations: ['occupation', 'employer', 'leaderTitle']\nAnswer:\noccupation: The subject entity has the occupation specified by the object entity.\nemployer: The subject entity is employed by the object entity.\nleaderTitle: The subject entity has the title specified by the object entity."", ""location"": ""Text: The first store opened in 1986 in the city of Torrance, California.\nTriples: [['first store', 'opening year', '1986'], ['first store', 'location', 'Torrance']]\nRelations: ['opening year', 'location']\nAnswer:\nopening year: The subject entity was opened in the year specified by the object entity.\nlocation: The subject entity is located in the place specified by the object entity.""}","[[""University_of_Burgundy"", ""location"", ""France""], null]",False
46,"Adolfo Suárez Madrid–Barajas Airport is located in Alcobendas, 610 meters above sea level. This airport is operated by ENAIRE, which is located in Madrid, Spain. The runway is named 18L/36R and is 4349 meters long.","[[""Adolfo_Su\u00e1rez_Madrid\u2013Barajas_Airport"", ""location"", ""Alcobendas""], [""Adolfo_Su\u00e1rez_Madrid\u2013Barajas_Airport"", ""elevationAboveTheSeaLevel"", ""610 (meters)""], [""ENAIRE"", ""location"", ""Madrid""], [""ENAIRE"", ""country"", ""Spain""], [""Adolfo_Su\u00e1rez_Madrid\u2013Barajas_Airport"", ""runwayLength"", ""4349 (meters)""]]","[""location"", ""elevationAboveTheSeaLevel"", ""location"", ""country"", ""runwayLength""]","[""The subject entity is located in the place specified by the object entity."", ""The subject entity is located at the height specified by the object entity above sea level."", ""The subject entity is located in the place specified by the object entity."", ""The subject entity is located in the country specified by the object entity."", ""The subject entity has a runway length as specified by the object.""]","[[""Adolfo_Su\u00e1rez_Madrid\u2013Barajas_Airport"", ""operatingOrganisation"", ""ENAIRE""], [""Adolfo_Su\u00e1rez_Madrid\u2013Barajas_Airport"", ""location"", ""Alcobendas""], [""Adolfo_Su\u00e1rez_Madrid\u2013Barajas_Airport"", ""runwayLength"", ""4349.0""], [""ENAIRE"", ""city"", ""Madrid""], [""Adolfo_Su\u00e1rez_Madrid\u2013Barajas_Airport"", ""elevationAboveTheSeaLevel"", ""610.0""], [""Adolfo_Su\u00e1rez_Madrid\u2013Barajas_Airport"", ""runwayName"", ""\""18L/36R\""""]]",,"[[""Adolfo_Su\u00e1rez_Madrid\u2013Barajas_Airport"", ""location"", ""Alcobendas""], [""Adolfo_Su\u00e1rez_Madrid\u2013Barajas_Airport"", ""elevationAboveSeaLevel"", ""610 (meters)""], [""Adolfo_Su\u00e1rez_Madrid\u2013Barajas_Airport"", ""operator"", ""ENAIRE""], [""ENAIRE"", ""location"", ""Madrid""], [""ENAIRE"", ""country"", ""Spain""], [""Adolfo_Su\u00e1rez_Madrid\u2013Barajas_Airport"", ""runwayName"", ""18L/36R""], [""Adolfo_Su\u00e1rez_Madrid\u2013Barajas_Airport"", ""runwayLength"", ""4349 (meters)""]]","{""operator"": ""Text: The 1990 Tour de France was the 77th edition of Tour de France, one of cycling's Grand Tours. It took place from 30 June to 22 July, with 21 stages over 3,428 km (2,130 mi). The Tour was won by Greg LeMond of the Z team, ahead of Claudio Chiappucci and Erik Breukink.\nTriples: [['1990 Tour de France', 'edition number', '77th'], ['1990 Tour de France', 'sport', \""cycling's Grand Tours\""], ['1990 Tour de France', 'start time', '30 June'], ['1990 Tour de France', 'end time', '22 July'], ['Greg LeMond', 'operator', 'Z']]\nRelations: ['edition number', 'sport', 'start time', 'end time', 'operator']\nAnswer:\nedition number: The subject entity is the edition number specified by the object entity.\nsport: The subject entity is a part of the sport specified by the object entity.\nstart time: The subject entity started at the time specified by the object entity.\nend time: The subject entity ended at the time specified by the object entity.\noperator: The subject entity is operated by the object entity."", ""country"": ""Text: The first season of the American television series Designated Survivor premiered on September 21, 2016, and concluded on May 17, 2017 in the United States.\nTriples: [['Designated Survivor', 'country of origin', 'United States'], ['Designated Survivor', 'original language of film or TV show', 'English'], ['Designated Survivor', 'number of seasons', '1'], ['Designated Survivor', 'start time', 'September 21, 2016']]\nRelations: ['country of origin', 'original language of film or TV show', 'number of seasons', 'start time']\nAnswer:\ncountry of origin: The subject entity originates from the country specified by the object entity."", ""elevationAboveSeaLevel"": ""Text: Mount Everest is Earth's highest mountain above sea level, located in the Mahalangur Himal sub-range of the Himalayas.\nTriples: [['Mount Everest', 'elevationAboveSeaLevel', 'Earth']]\nRelations: ['elevationAboveSeaLevel']\nAnswer:\nelevationAboveSeaLevel: The subject entity's elevation is above the sea level of the object entity."", ""location"": ""Text: The first store opened in 1986 in the city of Torrance, California.\nTriples: [['first store', 'opening year', '1986'], ['first store', 'location', 'Torrance']]\nRelations: ['opening year', 'location']\nAnswer:\nopening year: The subject entity was opened in the year specified by the object entity.\nlocation: The subject entity is located in the place specified by the object entity."", ""runwayLength"": ""Text: The airport has one runway, 18/36, which is 7,001 feet (2,134 m) long.\nTriples: [['airport', 'runwayLength', '7,001 feet (2,134 m)']]\nRelations: ['runwayLength']\nAnswer:\nrunwayLength: The subject entity has a runway with the length specified by the object entity."", ""runwayName"": ""Text: The airport has two runways, 18R/36L is 10,000 ft (3,048 m) long and 18L/36R is 9,000 ft (2,743 m) long.\nTriples: [['airport', 'runwayName', '18R/36L'], ['airport', 'runwayName', '18L/36R']]\nRelations: ['runwayName']\nAnswer:\nrunwayName: The subject entity has a runway with the name specified by the object entity.""}","[[""Adolfo_Su\u00e1rez_Madrid\u2013Barajas_Airport"", ""location"", ""Alcobendas""], [""Adolfo_Su\u00e1rez_Madrid\u2013Barajas_Airport"", ""elevationAboveTheSeaLevel"", ""610 (meters)""], null, [""ENAIRE"", ""location"", ""Madrid""], [""ENAIRE"", ""country"", ""Spain""], null, [""Adolfo_Su\u00e1rez_Madrid\u2013Barajas_Airport"", ""runwayLength"", ""4349 (meters)""]]",False
47,"Piotr Hallmann (born in Gdynia, Poland) on August 25,1987,weighs 70.308 kilograms.","[[""Piotr_Hallmann"", ""birthPlace"", ""Gdynia""], [""Piotr_Hallmann"", ""birthPlace"", ""Poland""], [""Piotr_Hallmann"", ""birthDate"", ""1987-08-25""]]","[""birthPlace"", ""birthPlace"", ""birthDate""]","[""The subject entity was born in the location specified by the object entity."", ""The subject entity was born in the location specified by the object entity."", ""The subject entity was born on the date specified by the object entity.""]","[[""Piotr_Hallmann"", ""birthDate"", ""1987-08-25""], [""Piotr_Hallmann"", ""birthPlace"", ""Gdynia,_Poland""], [""Piotr_Hallmann"", ""weight"", ""70.308""]]",,"[[""Piotr_Hallmann"", ""birthPlace"", ""Gdynia""], [""Piotr_Hallmann"", ""birthPlace"", ""Poland""], [""Piotr_Hallmann"", ""weight"", ""70.308 (kilograms)""], [""Piotr_Hallmann"", ""birthDate"", ""1987-08-25""]]","{""birthPlace"": ""Text: He was born in the town of San Pedro de Macor\u00eds in the Dominican Republic.\nTriples: [['He', 'birthPlace', 'San Pedro de Macor\u00eds']]\nRelations: ['birthPlace']\nAnswer:\nbirthPlace: The subject entity was born in the place specified by the object entity."", ""weight"": ""Text: The weight of the 2007 model is 1,570 kg (3,460 lb).\nTriples: [['2007 model', 'weight', '1,570 kg']]\nRelations: ['weight']\nAnswer:\nweight: The object entity specifies the weight of the subject entity."", ""birthDate"": ""Text: John Adams (October 30, 1735 \u2013 July 4, 1826) was an American statesman, attorney, diplomat, writer, and Founding Father who served as the 2nd president of the United States from 1797 to 1801.\nTriples: [['John Adams', 'date of birth', 'October 30, 1735'], ['John Adams', 'date of death', 'July 4, 1826'], ['John Adams', 'occupation', 'attorney'], ['John Adams', 'position held', '2nd president of the United States']]\nRelations: ['date of birth', 'date of death', 'occupation', 'position held']\nAnswer:\ndate of birth: The subject entity was born on the date specified by the object entity.\ndate of death: The subject entity died on the date specified by the object entity.\noccupation: The subject entity has the occupation specified by the object entity.\nposition held: The subject entity held the position specified by the object entity.""}","[[""Piotr_Hallmann"", ""birthPlace"", ""Gdynia""], [""Piotr_Hallmann"", ""birthPlace"", ""Poland""], null, [""Piotr_Hallmann"", ""birthDate"", ""1987-08-25""]]",False
48,"The Mason School of Business is located in Virginia in the United States at 101 Ukrop Way. The building that the company is based in is called The Alan B. Miller Hall and it was constructed between the 30th of March, 2007 and the 1st of June, 2009 after being designed by Robert A.M. Stern.","[[""Mason_School_of_Business"", ""location"", ""Virginia""], [""Mason_School_of_Business"", ""country"", ""United_States""], [""Mason_School_of_Business"", ""address"", ""\""101 Ukrop Way\""""], [""Alan_B._Miller_Hall"", ""architect"", ""Robert_A._M._Stern""], [""Mason_School_of_Business"", ""architect"", ""Alan_B._Miller_Hall""]]","[""location"", ""country"", ""address"", ""architect"", ""architect""]","[""The subject entity is located in the place specified by the object entity."", ""The subject entity is located in the country specified by the object entity."", ""The subject entity is located at the address specified by the object."", ""The subject entity was designed or planned by the object entity."", ""The subject entity was designed or planned by the object entity.""]","[[""Alan_B._Miller_Hall"", ""architect"", ""Robert_A._M._Stern""], [""Alan_B._Miller_Hall"", ""address"", ""\""101 Ukrop Way\""""], [""Alan_B._Miller_Hall"", ""buildingStartDate"", ""\""30 March 2007\""""], [""Alan_B._Miller_Hall"", ""currentTenants"", ""Mason_School_of_Business""], [""Alan_B._Miller_Hall"", ""completionDate"", ""2009-06-01""], [""Alan_B._Miller_Hall"", ""location"", ""Virginia""], [""Mason_School_of_Business"", ""country"", ""United_States""]]",,"[[""Mason_School_of_Business"", ""location"", ""Virginia""], [""Mason_School_of_Business"", ""country"", ""United_States""], [""Mason_School_of_Business"", ""address"", ""\""101 Ukrop Way\""""], [""Alan_B._Miller_Hall"", ""architect"", ""Robert_A._M._Stern""], [""Alan_B._Miller_Hall"", ""constructionStartDate"", ""2007-03-30""], [""Alan_B._Miller_Hall"", ""constructionEndDate"", ""2009-06-01""], [""Mason_School_of_Business"", ""building"", ""Alan_B._Miller_Hall""]]","{""constructionStartDate"": ""Text: The construction of the dam began in 1963, and was completed in 1968.\nTriples: [['dam', 'constructionStartDate', '1963'], ['dam', 'completionDate', '1968']]\nRelations: ['constructionStartDate', 'completionDate']\nAnswer:\nconstructionStartDate: The subject entity began construction on the date specified by the object entity.\ncompletionDate: The subject entity was completed on the date specified by the object entity."", ""constructionEndDate"": ""Text: The construction of the bridge began in 1962 and ended in 1966.\nTriples: [['bridge', 'construction start date', '1962'], ['bridge', 'constructionEndDate', '1966']]\nRelations: ['construction start date', 'constructionEndDate']\nAnswer:\nconstructionEndDate: The object entity specifies the date that the construction of the subject entity was completed."", ""country"": ""Text: The first season of the American television series Designated Survivor premiered on September 21, 2016, and concluded on May 17, 2017 in the United States.\nTriples: [['Designated Survivor', 'country of origin', 'United States'], ['Designated Survivor', 'original language of film or TV show', 'English'], ['Designated Survivor', 'number of seasons', '1'], ['Designated Survivor', 'start time', 'September 21, 2016']]\nRelations: ['country of origin', 'original language of film or TV show', 'number of seasons', 'start time']\nAnswer:\ncountry of origin: The subject entity originates from the country specified by the object entity."", ""architect"": ""Text: The building was designed by architect Gin\u00e9s Mart\u00ednez Castellanos.\nTriples: [['building', 'architect', 'Gin\u00e9s Mart\u00ednez Castellanos']]\nRelations: ['architect']\nAnswer:\narchitect: The subject entity was designed by the architect specified by the object entity."", ""address"": ""Text: The school is located at 123 Main Street.\nTriples: [['school', 'address', '123 Main Street']]\nRelations: ['address']\nAnswer:\naddress: The subject entity is located at the address specified by the object entity."", ""building"": ""Text: The building was designed by architect Cass Gilbert, who also designed the Woolworth Building and the United States Supreme Court building.\nTriples: [['Cass Gilbert', 'designer', 'building'], ['Cass Gilbert', 'designer', 'Woolworth Building'], ['Cass Gilbert', 'designer', 'United States Supreme Court building']]\nRelations: ['designer']\nAnswer:\ndesigner: The subject entity is the designer of the object entity."", ""location"": ""Text: The first store opened in 1986 in the city of Torrance, California.\nTriples: [['first store', 'opening year', '1986'], ['first store', 'location', 'Torrance']]\nRelations: ['opening year', 'location']\nAnswer:\nopening year: The subject entity was opened in the year specified by the object entity.\nlocation: The subject entity is located in the place specified by the object entity.""}","[[""Mason_School_of_Business"", ""location"", ""Virginia""], [""Mason_School_of_Business"", ""country"", ""United_States""], [""Mason_School_of_Business"", ""address"", ""\""101 Ukrop Way\""""], [""Alan_B._Miller_Hall"", ""architect"", ""Robert_A._M._Stern""], null, null, [""Mason_School_of_Business"", ""architect"", ""Alan_B._Miller_Hall""]]",False
49,"The 11th Mississippi Infantry Monument was established in 2000, in the United States, and is located in Adams County, state of Pennsylvania which has Carroll County, Maryland to its southeast. The monument is placed in the municipality of Gettysburg in Pennsylvania and is categorized as a Contributing Property.","[[""11th_Mississippi_Infantry_Monument"", ""established"", ""2000""], [""11th_Mississippi_Infantry_Monument"", ""country"", ""United_States""], [""11th_Mississippi_Infantry_Monument"", ""location"", ""Adams_County""], [""Adams_County"", ""location"", ""Pennsylvania""], [""Carroll_County"", ""location"", ""Maryland""], [""Pennsylvania"", ""location"", ""United_States""], [""11th_Mississippi_Infantry_Monument"", ""municipality"", ""Gettysburg""], [""Gettysburg"", ""location"", ""Pennsylvania""], [""11th_Mississippi_Infantry_Monument"", ""category"", ""Contributing_Property""]]","[""established"", ""country"", ""location"", ""location"", ""location"", ""location"", ""municipality"", ""location"", ""category""]","[""The subject entity was established or created in the year specified by the object entity."", ""The subject entity is located in the country specified by the object entity."", ""The subject entity is located in the place specified by the object entity."", ""The subject entity is located in the place specified by the object entity."", ""The subject entity is located in the place specified by the object entity."", ""The subject entity is located in the place specified by the object entity."", ""The subject entity is located in the municipality specified by the object entity."", ""The subject entity is located in the place specified by the object entity."", ""The subject entity falls under the category specified by the object entity.""]","[[""11th_Mississippi_Infantry_Monument"", ""established"", ""2000""], [""11th_Mississippi_Infantry_Monument"", ""location"", ""Adams_County,_Pennsylvania""], [""11th_Mississippi_Infantry_Monument"", ""state"", ""\""Pennsylvania\""""], [""11th_Mississippi_Infantry_Monument"", ""municipality"", ""Gettysburg,_Pennsylvania""], [""Adams_County,_Pennsylvania"", ""hasToItsSoutheast"", ""Carroll_County,_Maryland""], [""11th_Mississippi_Infantry_Monument"", ""category"", ""Contributing_property""], [""11th_Mississippi_Infantry_Monument"", ""country"", ""\""United States\""""]]",,"[[""11th_Mississippi_Infantry_Monument"", ""established"", ""2000""], [""11th_Mississippi_Infantry_Monument"", ""country"", ""United_States""], [""11th_Mississippi_Infantry_Monument"", ""locatedIn"", ""Adams_County""], [""Adams_County"", ""state"", ""Pennsylvania""], [""Pennsylvania"", ""adjacentCounty"", ""Carroll_County""], [""Carroll_County"", ""location"", ""Maryland""], [""Pennsylvania"", ""location"", ""United_States""], [""11th_Mississippi_Infantry_Monument"", ""municipality"", ""Gettysburg""], [""Gettysburg"", ""state"", ""Pennsylvania""], [""11th_Mississippi_Infantry_Monument"", ""category"", ""Contributing_Property""]]","{""state"": ""Text: The Battle of the Alamo (February 23 \u2013 March 6, 1836) was a pivotal event in the Texas Revolution.\nTriples: [['Battle of the Alamo', 'start time', 'February 23'], ['Battle of the Alamo', 'end time', 'March 6, 1836'], ['Battle of the Alamo', 'country', 'Texas'], ['Texas Revolution', 'state', 'Texas']]\nRelations: ['start time', 'end time', 'country', 'state']\nAnswer:\nstart time: The subject entity started at the time specified by the object entity.\nend time: The subject entity ended at the time specified by the object entity.\ncountry: The subject entity is located in the country specified by the object entity.\nstate: The subject entity is located in the state specified by the object entity."", ""locatedIn"": ""Text: The first store opened in the Oakridge Mall in San Jose, California in 1986.\nTriples: [['Oakridge Mall', 'locatedIn', 'San Jose']]\nRelations: ['locatedIn']\nAnswer:\nlocatedIn: The subject entity is located in the place specified by the object entity."", ""category"": ""Text: The group is a member of the European People's Party (EPP) group in the European Parliament.\nTriples: [['group', 'category', 'member']]\nRelations: ['category']\nAnswer:\ncategory: The subject entity is a type of the object entity."", ""country"": ""Text: The first season of the American television series Designated Survivor premiered on September 21, 2016, and concluded on May 17, 2017 in the United States.\nTriples: [['Designated Survivor', 'country of origin', 'United States'], ['Designated Survivor', 'original language of film or TV show', 'English'], ['Designated Survivor', 'number of seasons', '1'], ['Designated Survivor', 'start time', 'September 21, 2016']]\nRelations: ['country of origin', 'original language of film or TV show', 'number of seasons', 'start time']\nAnswer:\ncountry of origin: The subject entity originates from the country specified by the object entity."", ""municipality"": ""Text: The municipality of \u00c5lesund covers 98.48 square kilometres (38.02 sq mi).\nTriples: [['\u00c5lesund', 'municipality', '98.48 square kilometres']]\nRelations: ['municipality']\nAnswer:\nmunicipality: The subject entity has a municipality of the area specified by the object entity."", ""adjacentCounty"": ""Text: The county is bordered on the north by the counties of Polk and Bartow, on the east by Cherokee, on the south by Cobb, and on the west by Paulding.\nTriples: [['county', 'adjacentCounty', 'Polk'], ['county', 'adjacentCounty', 'Bartow'], ['county', 'adjacentCounty', 'Cherokee'], ['county', 'adjacentCounty', 'Cobb']]\nRelations: ['adjacentCounty']\nAnswer:\nadjacentCounty: The subject entity is adjacent to the county specified by the object entity."", ""location"": ""Text: The first store opened in 1986 in the city of Torrance, California.\nTriples: [['first store', 'opening year', '1986'], ['first store', 'location', 'Torrance']]\nRelations: ['opening year', 'location']\nAnswer:\nopening year: The subject entity was opened in the year specified by the object entity.\nlocation: The subject entity is located in the place specified by the object entity."", ""established"": ""Text: The first permanent English settlement in North America was established at Jamestown, Virginia, in 1607.\nTriples: [['Jamestown, Virginia', 'location', 'North America'], ['Jamestown, Virginia', 'established', '1607']]\nRelations: ['location', 'established']\nAnswer:\nlocation: The subject entity is located in the place specified by the object entity.\nestablished: The subject entity was founded or established in the year specified by the object entity.""}","[[""11th_Mississippi_Infantry_Monument"", ""established"", ""2000""], [""11th_Mississippi_Infantry_Monument"", ""country"", ""United_States""], [""11th_Mississippi_Infantry_Monument"", ""location"", ""Adams_County""], [""Adams_County"", ""location"", ""Pennsylvania""], null, [""Carroll_County"", ""location"", ""Maryland""], [""Pennsylvania"", ""location"", ""United_States""], [""11th_Mississippi_Infantry_Monument"", ""municipality"", ""Gettysburg""], [""Gettysburg"", ""location"", ""Pennsylvania""], [""11th_Mississippi_Infantry_Monument"", ""category"", ""Contributing_Property""]]",False
50,"Grigory Neujmin was born January 1, 1886 in Tbilisi. Grigory discovered 1147 Stavropolis, an asteroid with an orbital period of 1249.6 days, with a periapsis of at 260855000000.","[[""Grigory_Neujmin"", ""birthDate"", ""January 1, 1886""], [""Grigory_Neujmin"", ""birthPlace"", ""Tbilisi""]]","[""birthDate"", ""birthPlace""]","[""The subject entity was born on the date specified by the object entity."", ""The subject entity was born in the location specified by the object entity.""]","[[""1147_Stavropolis"", ""discoverer"", ""Grigory_Neujmin""], [""1147_Stavropolis"", ""periapsis"", ""260855000000.0""], [""1147_Stavropolis"", ""orbitalPeriod"", ""1249.6""], [""Grigory_Neujmin"", ""birthPlace"", ""Tbilisi""], [""Grigory_Neujmin"", ""birthDate"", ""1886-01-01""]]",,"[[""Grigory_Neujmin"", ""dateOfBirth"", ""January 1, 1886""], [""Grigory_Neujmin"", ""placeOfBirth"", ""Tbilisi""], [""1147_Stavropolis"", ""discoverer"", ""Grigory_Neujmin""], [""1147_Stavropolis"", ""orbitalPeriod"", ""1249.6 days""], [""1147_Stavropolis"", ""periapsis"", ""260855000000""], [""1147_Stavropolis"", ""instanceOf"", ""asteroid""]]","{""discoverer"": ""Text: The asteroid was discovered on 24 September 1960, by Cornelis Johannes van Houten and Ingrid van Houten-Groeneveld at Leiden, on photographic plates taken by Tom Gehrels at the Palomar Observatory.\nTriples: [['asteroid', 'discovery date', '24 September 1960'], ['asteroid', 'discoverer', 'Cornelis Johannes van Houten'], ['asteroid', 'discoverer', 'Ingrid van Houten-Groeneveld'], ['asteroid', 'discoverer', 'Tom Gehrels']]\nRelations: ['discovery date', 'discoverer']\nAnswer:\ndiscovery date: The subject entity was discovered on the date specified by the object entity.\ndiscoverer: The subject entity was discovered by the person or entity specified by the object entity."", ""orbitalPeriod"": ""Text: Kepler-16b (formally known as Kepler-16(AB)b) is an extrasolar planet, of the circumbinary type, orbiting the binary star system Kepler-16, located in the constellation Cygnus. It was discovered by the Kepler space telescope in 2011. It has a mass similar to that of Saturn and is composed of half gas and half rock. It orbits its parent stars every 229 days.\nTriples: [['Kepler-16b', 'discoverer', 'Kepler space telescope'], ['Kepler-16b', 'orbital period', '229 days'], ['Kepler-16b', 'star system', 'Kepler-16'], ['Kepler-16b', 'constellation', 'Cygnus']]\nRelations: ['discoverer', 'orbital period', 'star system', 'constellation']\nAnswer:\ndiscoverer: The subject entity was discovered by the entity specified by the object entity.\norbital period: The subject entity has an orbital period of time specified by the object entity.\nstar system: The subject entity is a part of the star system specified by the object entity.\nconstellation: The subject entity is located in the constellation specified by the object entity."", ""periapsis"": ""Text: Its orbit had a periapsis of 2.97 AU and an apoapsis of 4.29 AU.\nTriples: [['orbit', 'periapsis', '2.97 AU'], ['orbit', 'apoapsis', '4.29 AU']]\nRelations: ['periapsis', 'apoapsis']\nAnswer:\nperiapsis: The object entity specifies the point in the orbit of the subject entity where it is nearest to the body it is orbiting.\napoapsis: The object entity specifies the point in the orbit of the subject entity where it is farthest from the body it is orbiting."", ""dateOfBirth"": ""Text: John Franklin Candy (October 31, 1950 \u2013 March 4, 1994) was a Canadian actor and comedian.\nTriples: [['John Candy', 'date of birth', 'October 31, 1950'], ['John Candy', 'date of death', 'March 4, 1994'], ['John Candy', 'occupation', 'comedian'], ['John Candy', 'country of citizenship', 'Canada']]\nRelations: ['date of birth', 'date of death', 'occupation', 'country of citizenship']\nAnswer:\ndate of birth: The subject entity was born on the date specified by the object entity.\ndate of death: The subject entity died on the date specified by the object entity.\noccupation: The subject entity has the occupation specified by the object entity.\ncountry of citizenship: The subject entity has citizenship in the country specified by the object entity."", ""instanceOf"": ""Text: The 2008 IIHF World Championship was held in Canada from 2 to 18 May 2008. It was the 72nd IIHF World Championship, and was the first to be hosted by Canada.\nTriples: [['2008 IIHF World Championship', 'location', 'Canada'], ['2008 IIHF World Championship', 'start time', '2 May 2008'], ['2008 IIHF World Championship', 'end time', '18 May 2008'], ['2008 IIHF World Championship', 'instance of', 'IIHF World Championship']]\nRelations: ['location', 'start time', 'end time', 'instance of']\nAnswer:\nlocation: The subject entity is located in the place specified by the object entity.\nstart time: The subject entity started at the time specified by the object entity.\nend time: The subject entity ended at the time specified by the object entity.\ninstance of: The subject entity is an instance or example of the type specified by the object entity."", ""placeOfBirth"": ""Text: John William Ferrell (born July 16, 1967) is an American actor, comedian, producer, and writer. Ferrell was born in Irvine, California, to Betty Mae (n\u00e9e Overman), a teacher, and Roy Lee Ferrell Jr., a musician.\nTriples: [['Will Ferrell', 'date of birth', 'July 16, 1967'], ['Will Ferrell', 'place of birth', 'Irvine, California']]\nRelations: ['placeOfBirth']\nAnswer:\nplaceOfBirth: The subject entity was born in the location specified by the object entity.""}","[[""Grigory_Neujmin"", ""birthDate"", ""January 1, 1886""], [""Grigory_Neujmin"", ""birthPlace"", ""Tbilisi""], null, null, null, null]",False
